,weibo_id,senti_index,comment_num,like_num,repost_num
0,IA54opYvf,0.3555007142857143,8,27,7
1,IA6oqaq0J,0.2246917777777778,42,180,31
2,IA891dKpu,0.203917,3,17,9
3,IA8f57lsy,0.000113,6,13,11
4,IAAeAtA5R,0.005061,8,12,37
5,IABqigt4L,0.89598,1,1,4
6,IABwsBRSf,0.5216991666666667,7,13,5
7,IAGmx7z1A,0.2345891290322581,26,83,27
8,IAIXYzHsT,0.4289803333333333,11,19,18
9,IAJxlq8LX,0.0326274615384615,18,39,12
10,IAKDr9FD0,0.004091,5,16,9
11,IAKbYu6mN,0.332112,4,6,3
12,IAKfqacbb,0.010776,4,7,0
13,IAKr0uOfE,0.002418,3,20,1
14,IASJHfrqD,0.000654,1,10,1
15,IASLQfHFA,0.0453579999999999,5,8,14
16,IASSwdfAW,0.9401226666666666,3,13,7
17,IAT0SxBnM,0.0177053333333333,5,13,7
18,IATBksJsM,0.99871,1,18,3
19,IAToSjMaj,0.0173626666666666,5,7,2
20,IATs6D4eP,0.2019547142857143,18,37,12
21,IAeDskjlT,0.3238,5,10,7
22,IAgx48lov,0.008128,3,12,10
23,IAhwv2P1J,0.208493,1,6,0
24,IAiAdB19A,0.018808,1,9,1
25,IAiCQ9cxB,0.998966,2,19,13
26,IAiEC3yKR,0.98381,1,19,13
27,IAiJu3lPZ,0.000184,1,3,2
28,IAiQBv8x5,0.805724,4,10,5
29,IAiUmD7H3,0.6638216666666666,8,16,4
30,IAijLhrnB,6.1e-05,1,9,6
31,IAimy7hWG,0.6606956666666667,5,33,21
32,IAitXB6sj,0.0998113043478261,19,41,2
33,IAixbC0HC,0.988872,3,15,5
34,IAoRgku2Y,0.999706,4,14,12
35,IAq2JkhDM,0.3359671666666666,12,29,17
36,IArLy9Xg2,0.6836774285714285,15,31,11
37,IArPa8Tis,0.999013,1,11,2
38,IArzNep6D,0.467657,3,8,6
39,IAzEP8uuG,0.993715,1,11,8
40,IB2LkA5fn,0.991984,1,8,1
41,IB2UtEgKJ,0.0024355,2,3,1
42,IB31ECgdg,0.924367,2,7,4
43,IB3mKegax,0.470877,6,24,9
44,IB9WN3HOE,0.368857,1,7,2
45,IB9gr2J72,0.411131,3,57,36
46,IB9oJcfPJ,0.1716575394736842,116,454,203
47,IBAwfeCZF,0.3577916923076923,8,28,15
48,IBAzaCX9M,0.003178,3,12,2
49,IBEC35hxp,0.4258191999999999,16,21,5
50,IBEJZBAgF,0.097228375,9,14,9
51,IBENWARuA,0.01299525,10,32,13
52,IBEre1AVF,0.000403,7,40,9
53,IBEx5pcWF,0.99853,4,18,1
54,IBNXQwztS,0.035947,1,6,2
55,IBO1JCdbl,0.08085,3,23,1
56,IBO6FbuWj,0.1591924864864864,65,79,41
57,IBObpbw0D,0.24091425,6,20,6
58,IBOj4mlmR,0.50481325,7,29,13
59,IBOnwFxUj,0.520225,5,25,9
60,IBOrRhZHc,0.0442372602739726,43,127,21
61,IBXTrcqbV,0.665297962962963,79,901,151
62,IBY0mglK1,0.7365327272727273,76,435,111
63,IBYfnm1xo,0.6057233548387096,24,14,9
64,IBYkn0GH7,0.318804,8,13,2
65,IBYrsmDd6,0.058379,3,9,6
66,IBYuga46G,0.550517,15,35,15
67,IBYyn9fCp,0.819925,3,10,5
68,IBcUw0Apf,0.005347,1,8,2
69,IBcXytoYd,0.9402073333333334,3,15,6
70,IBcZYirXT,0.3757828333333333,11,25,11
71,IBd1M0lrd,0.943682,3,5,1
72,IBd5Krp7U,0.0820552,6,8,2
73,IBdb1ihQ0,0.52016875,11,24,10
74,IBdg60NID,0.967698,3,14,6
75,IBdiMBKBo,0.001678,2,15,0
76,IBdlee1W1,0.0093619999999999,4,31,14
77,IBdvC4jBp,0.002441,4,2,2
78,IBhYU8TTk,0.2847184444444444,42,252,55
79,IBj7VgURk,0.800624,2,20,8
80,IBjT32SYN,0.0050501999999999,7,30,2
81,IBjWD1vT9,0.975573,1,13,4
82,IBjcCBc6G,0.4911115,3,8,4
83,IBk4Pyb9A,0.6176367500000001,7,12,2
84,IBkPjsRYL,0.4209778571428572,10,18,4
85,IBkahzSrK,0.1479,1,7,1
86,IBkhah0HE,0.644957,1,2,2
87,IBl5H40RQ,0.1493374999999999,4,7,6
88,IBl9BkBFI,0.48439,2,11,3
89,IBlcX7nhM,0.007854,2,9,3
90,IBsReFS0l,0.000564,2,10,4
91,IBsfSlA8l,2.5e-05,1,4,0
92,IBtDasOr0,0.0050903333333333,4,12,3
93,IBtgqDOeW,0.0510571666666666,5,17,2
94,IBtkF4S5e,0.00831,1,11,5
95,IBtu5yDTJ,0.5097034375,11,39,4
96,IBvZobIpS,0.0125994285714285,12,29,70
97,IC3wVjQgs,0.666225,4,25,9
98,IC6IvwXhG,0.483281,4,5,3
99,IC6Zi002g,0.2944852,9,23,12
100,IC72Vq3Pv,0.2101875,5,9,9
101,IC7aRqfuH,0.8794215,4,15,2
102,IC7ducBGw,7.8e-05,4,15,1
103,ICFXtzCys,0.008721,3,8,0
104,ICFz0t9dk,0.99574,2,4,2
105,ICGhOqw2b,0.001473,4,18,3
106,ICI8Yn9Uf,0.4498144,3,15,3
107,ICIn1tfCA,0.993627,2,11,11
108,ICOHX30SF,0.004134,4,7,2
109,ICRLZemqM,0.0126013333333333,10,21,13
110,ICRUAi5dP,0.46964,2,9,5
111,ICRZ0w7W5,0.48079,21,34,19
112,ICRrzA2nm,0.934216,5,9,1
113,ICRy18lQW,0.8607658888888889,14,46,20
114,ICS31Ajmt,0.498921,15,21,6
115,ICS6M8Nat,0.0817796666666666,17,51,19
116,ICSbplwB7,0.99981,2,14,3
117,ICSgC1ATq,0.3320719047619047,35,59,17
118,ICbCX0Guh,0.128322,4,9,4
119,ICcit1GNm,0.000645,3,11,4
120,ICdwAkEi9,0.492423,2,4,1
121,ICdwKmhBr,0.002976,1,7,2
122,ICgBUgMLC,0.4315195,5,8,5
123,ICgGDl03r,0.0296462222222222,8,45,10
124,ICgLy3qFd,0.000233,1,3,6
125,ICgNOp4Nt,0.12236,1,6,5
126,ICpIeAUDN,0.000221,1,3,4
127,ICpKpCFTP,0.997598,2,4,8
128,ICpNjhM1i,0.4169067,14,20,8
129,ICpUEDQlE,0.9891385,5,5,5
130,ICpY9fVJJ,0.000282,5,12,3
131,ICq5lph08,0.485288,3,11,3
132,ICq8Qz4zI,0.1314770909090909,11,20,9
133,ICqc9nkyP,0.965064,3,13,4
134,ICqeS6mH4,0.0202959999999999,4,9,11
135,ICvocCaQS,0.986489,5,26,4
136,ICzOvpwRz,0.1781249411764706,8,23,8
137,ICzpJa6tG,0.726376,1,12,3
138,ID0UyqCH5,0.7049514,8,13,14
139,ID13V4oGg,0.838239,1,8,5
140,ID1azz5g1,0.00217,5,21,5
141,ID6Bg0SV3,0.069798,3,7,3
142,IDAB8ygQI,4.2e-05,2,7,4
143,IDAp18Mtp,0.858982,1,12,5
144,IDAw47wuF,0.000149,1,6,8
145,IDLExxDb3,0.000491,3,6,4
146,IDLQOpEXC,0.3372934999999999,4,13,3
147,IDLrq4A53,0.023096,2,5,2
148,IDLyPh7uk,0.5295805,2,17,16
149,IDQTlBVk8,0.010474,5,16,5
150,IDUFkvzRJ,0.054792,3,7,4
151,IDWQii11A,0.999029,2,11,6
152,IDWnXyupt,0.889846,3,10,5
153,IDWs9yFSN,0.000903,1,8,1
154,IDWzAfvc7,0.996245,1,11,3
155,IDhQFl88x,0.320215,1,6,2
156,IDi3oCVPU,0.010395,1,8,1
157,IDiPn2q57,0.984239,1,8,3
158,IDilnvK5h,0.480297,6,14,7
159,IDj7cuuZb,0.0103299999999999,6,10,6
160,IDjjE1cwr,0.5043985,3,11,5
161,IDpAhjxFn,0.37510775,9,10,6
162,IDpuHhdJQ,0.004693,1,9,1
163,IDqW0gjvN,0.2545165,10,17,11
164,IDr7Igu9R,0.048347,1,10,3
165,IDru5ATYK,0.3085605277777777,43,54,26
166,IDsD8vVC0,0.789911,3,7,7
167,IDsHCwwve,0.998546,1,7,4
168,IDsK7mQ0s,0.002473,3,8,2
169,IE4NFjqtA,0.8126523333333333,14,25,10
170,IE4ZnjZNh,0.0228866666666666,11,22,3
171,IEa4vhD8T,0.3540689999999999,8,27,11
172,IEbk1rUqP,0.0091185,4,10,2
173,IEcBJdb8l,0.4137345,6,7,11
174,IEcNE0IWJ,5e-06,1,2,2
175,InBzJEk2u,0.039693,3,4,2
176,InEO9DUfB,0.004305,3,1,1
177,InGl8uWXy,0.999726,5,5,9
178,InL15Dsvb,0.602135,5,10,1
179,InNP2yuSN,0.970555,1,4,9
180,InNuYeTAQ,0.2069967999999999,24,90,62
181,InOR80mza,0.004675,3,6,4
182,InOcTb44F,0.001289,1,5,2
183,Io7lPnABP,0.9779633333333332,3,10,35
184,IodZ6iC3o,0.7069293333333334,6,9,13
185,IogksuNgG,0.00369,7,8,4
186,IohCIBm8I,0.997713,6,25,5
187,Iohmovnyx,2e-06,2,9,2
188,Iopmfea9a,0.2607945,6,2,2
189,IopzotUvH,0.993667,2,8,2
190,Ioqq1Bhob,0.0533596666666666,4,6,6
191,IoxOLC3DK,0.000102,3,5,3
192,IoyXI19Ir,0.0411375,4,12,11
193,IoyxzvHSN,0.385371,4,9,14
194,IpEoXhEH4,0.001732,1,7,5
195,IpNB93bwp,0.010425,2,7,6
196,IphuBzBDC,0.876546,2,4,4
197,IpyR0a60t,0.797471,3,8,3
198,IpzCqAysc,0.015075,4,5,3
199,Iq2Kq21nd,0.0036441333333333,11,38,6
200,Iq36a6kKw,0.855564,3,5,1
201,Iq5gg2AfW,0.999872,3,10,1
202,IqDmx4i0b,0.2720340128095645,421,2736,684
203,IqES45JIA,0.000219,1,14,5
204,IqF4N2uhy,0.5002,2,35,34
205,IqFf0ehtw,0.8965665,6,25,51
206,IqFiZh1Ou,0.86327,3,17,8
207,IqFt1iyrN,0.0383436666666666,24,87,10
208,IqGykd6mN,0.000372,14,72,38
209,IqHMd4AVM,0.0312245,11,25,11
210,IqNU8ephV,0.2287573333333333,17,54,30
211,IqNwSe3N6,0.24853,4,9,124
212,IqO78jZml,0.0350687826086956,19,50,7
213,IqRnpihTW,0.407115,4,35,29
214,IqX6mEQxB,0.5451853333333334,4,21,20
215,IqXHegiX5,0.999282,5,26,15
216,IqY7H8zd7,0.091802,3,12,7
217,IqYNrF8uK,0.119314,5,17,19
218,IqYrpD6QO,0.5172144,7,12,3
219,IqZWYEYTt,0.000305,1,13,8
220,IqdzQDkSp,0.955333,7,16,4
221,IqeaFCs41,0.001778,6,9,9
222,IqeeEDF9l,0.176143111111111,8,21,3
223,IqesD2C75,0.053937,1,6,2
224,IqmxFe5lt,0.024978,2,14,10
225,Iqnw0sfRA,0.273073,1,5,0
226,Iquak5Rwi,0.531366,12,28,22
227,IqvGpEAvj,0.927283,2,13,4
228,IqvYmcKWm,0.748223,22,31,33
229,IqwGrva9a,0.000699,2,8,15
230,IqyrZ6FdQ,0.489869,3,27,27
231,Ir0UTiX8T,0.290572,4,18,18
232,Ir0tVpTpz,0.06733,10,31,53
233,Ir1G3daJM,0.0215394166666666,18,134,399
234,Ir1ihznn3,0.17999,18,38,5
235,Ir2qY3IQw,0.0098551,12,34,16
236,Ir5IXrj4y,0.0765551212121212,19,156,450
237,Ir5jvdNLI,0.006263,3,36,177
238,Ir5oy5RJZ,2.6e-06,8,56,18
239,Ir5vP41oU,0.0313757933333333,88,408,241
240,Ir6J2cSS0,0.7195072380952381,24,174,45
241,Ir6OGlLRo,0.866617,6,26,9
242,Ir6Tps9qB,0.2521125,10,30,5
243,Ir6aAofQz,0.2544049251968503,144,626,712
244,Ir6dCBgcj,0.133098,10,59,62
245,Ir6uxiTb6,0.1194734444444444,15,56,23
246,Ir7BdkHQV,0.997488,4,38,10
247,Ir7tdc4v3,0.61982575,19,72,9
248,Ir84TDuyQ,0.3656142857142857,10,57,9
249,Ir8E6t9Sq,0.2928328,9,46,7
250,Ir8giub0b,0.811411,2,24,13
251,Ir9BSf9YQ,0.1418006666666666,29,101,36
252,Ir9FPbO9V,0.25492525,7,34,31
253,Ir9live3D,0.7696553749999999,15,57,108
254,Ir9vy6ZHu,0.019874,4,23,0
255,IrACOcogu,0.996615,2,9,3
256,IrAJHd3aT,0.00107,5,11,1
257,IrANK1UsV,0.835062,4,7,0
258,IrAYig8gS,0.9368035,3,3,2
259,IrAfqsYkg,0.999077,2,12,2
260,IrB3plLFl,0.9405893333333332,7,28,12
261,IrBRE5L9v,0.021063,2,8,3
262,IrBqunQ55,0.4823065,7,11,4
263,IrBuMkxkb,0.18575,2,9,3
264,IrBywzAM1,0.283751504587156,36,55,5
265,IrC0suhh5,0.1246762857142857,15,33,115
266,IrCA97JVL,0.3783836666666667,5,2,7
267,IrCLLykFb,0.022459,1,6,1
268,IrCSSnAUt,0.024292,1,11,4
269,IrCb5ad0g,0.2691223333333333,10,13,7
270,IrCdz4j0J,0.0220999999999999,4,10,3
271,IrCh7fMNB,0.003255,2,10,2
272,IrCq0lzNh,0.2422426666666666,3,5,5
273,IrCxwifKs,0.137994,2,12,1
274,IrDciddzg,0.3355971818181818,9,25,4
275,IrDwcbClU,0.004506,2,14,6
276,IrDyquSK7,0.0003065,5,27,6
277,IrHa80KV3,0.002921,3,17,7
278,IrHem8MfK,0.029495,1,7,2
279,IrHuOttsQ,0.245045,2,6,0
280,IrJ88BV2X,0.00017,2,7,3
281,IrJQQA1fa,0.021175,3,6,3
282,IrJlU0Bgo,0.981795,3,11,12
283,IrK7Bxibd,0.01754,1,18,3
284,IrKAN9NjT,0.2276462,5,11,19
285,IrKSo870v,0.7802403333333334,4,14,1
286,IrKZ8dXPF,0.998449,3,9,3
287,IrLBGcbf0,1e-06,2,24,1
288,IrLF087rq,0.914916,1,10,3
289,IrLHBs6ob,0.889157,6,16,12
290,IrLKxvpyT,0.000162,6,10,2
291,IrLMKkBt2,0.862467,3,13,3
292,IrLS6qbPv,0.009671,1,11,2
293,IrLU5mAFy,0.0023525,3,3,3
294,IrLWt8Ud4,0.1560361875,29,18,5
295,IrM35xtBT,0.106257,1,4,4
296,IrM5ioU21,0.006687,1,9,3
297,IrMCgBuhV,0.000264,3,16,6
298,IrMHyyoE9,0.5562285,5,24,6
299,IrMd71rSh,0.014763,3,13,6
300,IrMuB9aLQ,0.889746,1,7,4
301,IrR67tkx4,0.4511685,8,15,3
302,IrRf9smV3,0.991888,6,11,27
303,IrRkvhnlh,0.3505952,5,7,8
304,IrRqk3Ys7,3e-05,3,7,1
305,IrRsArSIt,8.9e-05,1,5,3
306,IrSUyq9rS,0.0232303333333333,19,47,99
307,IrSZ58xqA,0.4098582380952381,52,383,152
308,IrT23fq3k,0.009221,4,10,3
309,IrT48m7RH,0.6703298,6,18,22
310,IrTPfkQsD,0.802437,4,11,1
311,IrTRb1cRn,0.07450575,5,8,3
312,IrTWLj3J4,0.363211,1,6,2
313,IrTa8pRW1,0.2141336666666666,6,15,1
314,IrTfO2QmJ,0.000335,1,3,4
315,IrTl0F2kU,1.0,1,5,1
316,IrTvLABFJ,0.551829,2,1,0
317,IrTxU27Ft,0.486217,5,7,8
318,IrU0e7wnH,0.3520385,2,6,0
319,IrU58cnKG,0.57085075,11,20,1
320,IrUqcxOtU,0.11782,9,17,12
321,IrVKMx0Gq,0.355192,1,9,5
322,IrVZPqDSf,0.1669831666666666,31,60,238
323,IrVuy8N71,0.3687090476190476,28,130,30
324,IrW5Cqkq2,0.481582,2,11,4
325,IraAk0Jhk,0.473502,4,27,5
326,IraJzwcu4,0.451856,5,13,6
327,IraXp1L2N,0.9946836666666666,5,20,7
328,IratRzk8p,0.99459,4,22,5
329,IravlsHjn,0.37059125,24,77,31
330,Iraxrvh1c,0.38522325,9,8,2
331,Irbgi46BL,0.996613,9,26,9
332,IreS64gmW,0.3851239999999999,6,32,12
333,Irf0m8xV9,0.2788732857142856,12,42,13
334,Irf5AC26Y,0.108432,2,19,5
335,IrfRJn9Qy,0.1980622,14,26,7
336,IrfoKwhAj,0.0751475454545454,4,19,7
337,IrgAnyb96,0.6907286666666667,2,21,5
338,Irgl6bewY,0.0047831111111111,7,45,17
339,Irh3P6b3h,0.5635418,24,31,23
340,IrhNvnmFw,0.599067,11,43,4
341,IrhUD9Lr1,0.4598035,6,18,7
342,IrhbXtxXK,4.1e-05,3,14,30
343,Iri6yaYak,1e-06,5,9,9
344,Iri9A76Tw,0.242116,4,18,1
345,IriHfsjCm,0.6963999166666666,13,25,172
346,IriKTvFZA,0.7826355,4,16,2
347,IriMi8oii,0.993887,7,7,1
348,IrimuzXT7,0.1330495,20,40,12
349,IrismDL4C,2.1e-05,7,37,261
350,Irivzx7vb,0.132852,14,47,5
351,Irizv1tmq,0.665087,6,29,213
352,Irj7qBQgH,0.200146,6,28,8
353,IrjAgAjsC,0.6539042307692308,10,22,10
354,IrjpN8UbZ,0.7149099000000001,22,34,17
355,Irk6YBRrA,0.3217890467289719,50,35,70
356,IrkF4yX1D,0.541419,6,14,5
357,IrkZtfbMg,0.00182,10,34,19
358,IrkfcjLXG,0.1778853333333333,7,26,2
359,IrkiPbdj4,0.0073625,6,23,12
360,IrkqqtfQi,0.539105,5,23,2
361,IrksJd9OU,0.932900375,9,35,47
362,IrkvZlxws,0.854679,3,12,8
363,IroEqgkLp,5.1e-05,3,14,0
364,IroLaqGG1,0.6033223333333333,7,19,5
365,IroWvCVQP,0.3472429047619047,10,39,0
366,IrpAIt9f4,7.7e-05,6,23,2
367,IrpIfkTmg,0.5766372857142857,4,15,2
368,IrpMSfvMv,0.000145,2,14,40
369,IrqKmhnBw,0.654557,6,18,13
370,IrqnrvO7X,0.5155488787878787,20,53,10
371,Irr08DfFM,0.0062326666666666,20,42,13
372,Irr41rHzM,0.00653,3,8,2
373,IrrDt3FQ8,0.7201053,6,18,1
374,IrrWo86WY,0.108007,3,10,5
375,IrriystkH,0.4592893684210526,14,55,27
376,Irs5t69eX,0.2904306666666666,4,12,3
377,Irsjc6Vcg,0.999936,1,8,1
378,IrskTyIMe,0.030851,1,17,3
379,IrssDsIti,0.003209,2,5,0
380,Irsu46egP,0.000658,4,13,2
381,IrszGdsKw,0.454801,4,21,2
382,IrtFtfcbs,0.009344,1,12,2
383,Iry03pAIG,0.724939,2,16,3
384,IryEtbMs3,0.503659,14,12,7
385,Irz8L3YmK,0.009948,3,13,3
386,IrzTc4LTz,0.005924,2,6,1
387,IrzWf8hJ4,0.922988,7,6,2
388,IrziMdOtg,0.001932,4,7,9
389,Irzp3jEJZ,0.014729,3,7,2
390,Is0mzb10Y,0.4748066956521738,27,54,54
391,Is105oax1,0.487906,3,9,4
392,Is155D0E2,0.008557,3,10,1
393,Is1d11gn7,0.002865,1,7,1
394,Is1pz24SR,0.9660116666666668,7,25,12
395,Is1sojimp,0.991662,1,7,2
396,Is1w0xaha,0.000259,12,36,83
397,Is2ODF961,0.0098395,3,4,1
398,Is2h3DpVt,0.002853,1,8,1
399,Is4GPuPAx,4.9e-05,2,4,4
400,Is4QVmtIp,4e-05,4,11,1
401,Is4XVp4xK,0.943805,3,10,4
402,Is4msgoJc,0.0016865,2,4,1
403,Is4pMgaCE,0.053695,4,4,5
404,Is51gg9Y7,0.0,1,8,1
405,Is56ABaUq,0.0057233333333333,3,18,3
406,Is5cI1qSR,0.010156,2,12,2
407,Is5iLjga6,0.064516,3,14,2
408,IsC4flTCh,0.999544,2,8,3
409,IsCCyitmT,0.06757,1,6,2
410,IsCEHfNMD,0.992227,1,2,1
411,IsCGUlqV3,0.016377,1,6,0
412,IsClCDZFI,6.7e-05,1,4,3
413,IsDRV0wVU,0.359923,1,7,3
414,IsDfq1IOX,0.004351,5,6,11
415,IsDwjcWjw,0.830109,3,6,19
416,IsEHkudf3,0.322187,3,6,3
417,IsELTyZVs,1.8e-05,1,8,8
418,IsERJgpzb,0.49647,2,2,1
419,IsExyq1CT,0.992697,2,4,1
420,IsF7yfhRU,0.1816475,5,12,9
421,IsFAT0xiq,0.999188,3,4,4
422,IsFdyArlf,0.2100713125,11,38,11
423,IsFiYAd55,4.2e-05,3,13,5
424,IsGH2x0F3,0.000773,2,1,3
425,IsGI7lk5U,0.1864489999999999,4,4,3
426,IsGKGAjbb,0.000463,6,8,3
427,IsGNNhuj5,0.670663,1,2,0
428,IsGQFu3ok,0.080847,1,5,2
429,IsGTNgxjK,0.033832,1,1,4
430,IsGXo508f,0.6177413333333334,8,13,14
431,IsGZhpDS1,0.0061413,14,48,31
432,IsGpr2E7r,0.215675923076923,15,21,10
433,IsGzQ4DZc,0.998991,2,13,3
434,IsH4MqbyI,0.0795020666666666,17,19,5
435,IsHFOD6Ua,0.044736,7,11,1
436,IsHJoBZgH,0.007671,1,17,17
437,IsHN8wptl,0.062967,7,12,2
438,IsHaBcE2v,6e-05,4,6,5
439,IsHfuniUP,0.3317345,3,11,6
440,IsHjU2d8y,0.3352713333333333,4,13,5
441,IsHmhc40Z,0.000247,3,15,6
442,IsHzr2idO,0.87414,2,13,1
443,IsLTbtDH9,0.1262904,9,44,27
444,IsMTtww4t,0.3586676666666666,3,3,4
445,IsMYm9Hxh,0.216102,1,3,1
446,IsMgLgKoH,0.573593625,8,16,14
447,IsN29jCvE,0.323001,3,2,2
448,IsNdT7huM,0.0018465,2,4,3
449,IsNiFbVGX,0.906211,1,3,1
450,IsNsykT77,0.042759,1,10,7
451,IsOJrkEbj,0.000327,1,6,1
452,IsOMmrrPo,0.024193,1,5,0
453,IsOOzgg90,0.118891,7,8,24
454,IsOVMorSq,0.999991,7,8,1
455,IsOZLoHBv,0.2415107209302326,23,191,64
456,IsPGy1H43,0.992601,8,19,4
457,IsPJIvRiC,0.0368504666666666,28,39,8
458,IsPNelctc,0.1280856666666666,2,5,2
459,IsPQV4rhL,0.729196,1,6,0
460,IsPUnwBny,0.0248335,3,8,1
461,IsPbmmATD,0.003733,4,4,1
462,IsPd4qfyx,0.1791583333333333,4,4,6
463,IsPo198IB,0.0507036666666666,5,11,1
464,IsPpNpJj4,0.439362,12,26,9
465,IsPrW3MFr,0.219424,1,5,1
466,IsPvZfYtT,0.0069885,4,4,1
467,IsQDDzBHW,0.603101,3,12,3
468,IsQHAcIMw,0.010122,2,15,8
469,IsQT0tWJT,0.0759005,5,13,7
470,IsQY6E4E5,0.01008,5,5,0
471,IsQcHqqRY,0.2246808571428571,29,11,13
472,IsQpZ0yq9,0.6943192,7,10,7
473,IsQw3FEDm,0.82446,1,15,8
474,IsVCC12Jb,0.002101,1,3,2
475,IsVHFuHuJ,0.0085500869565217,13,30,5
476,IsVNWnmfR,0.000759,1,4,0
477,IsVY1CI09,0.018323,1,5,2
478,IsVcdgvu4,0.000218,5,15,13
479,IsVfnaLa3,0.023774,1,0,2
480,IsVi7n0qD,0.002077,2,5,1
481,IsVsPmTGp,0.000273,1,3,1
482,IsVwbF4Fl,0.005984,5,6,1
483,IsWEbinjh,0.010134,1,4,1
484,IsWKjy7yX,0.048267,1,5,2
485,IsWLY8Ol6,0.186599,1,0,1
486,IsWNn09M5,0.0286535,2,6,2
487,IsWOVhKmz,0.9420056,6,16,2
488,IsWTWrgBG,8e-06,6,14,1
489,IsYAK3mnX,0.682413,1,5,0
490,IsYVIu7sm,0.8111094999999999,5,19,63
491,IsYsPyioU,0.001048,1,7,1
492,IsYv75QCr,0.9701858333333334,7,10,4
493,IsZ0M19wa,0.001105,1,4,1
494,IsZ8cn2V2,0.0002788333333333,7,26,116
495,IsZJNxs0C,0.0250715,3,7,3
496,IsZMDBxNj,0.0565341999999999,8,20,4
497,IsZu7nRcx,0.40838925,5,5,4
498,IsZzBchqw,0.5364467142857142,10,19,7
499,IsbiR0jCa,0.4988547142857143,29,19,171
500,Isc0PrMOc,0.026433,1,5,2
501,IscOzeYbH,0.011452,3,6,0
502,IscS5hWNJ,0.000475,1,2,1
503,Isd2fz1M6,0.001524,1,0,1
504,Isd3NAhJN,0.061256,1,5,0
505,Isda30kyN,0.7328195,2,11,6
506,Isddx2wgS,0.0893585483870967,70,155,23
507,Isdtvc7ll,0.002597,1,3,0
508,IsdvK4ssZ,0.1677354,3,7,4
509,IsdypzNt2,0.2407879327731092,65,440,147
510,Ise3AEOpM,0.967377,1,10,1
511,IseBYn5DF,0.68317925,9,11,5
512,IsexH2ZtZ,0.5389156666666667,4,5,1
513,IsjU14xVo,0.001622,4,7,0
514,IsjXljedU,0.2499596666666666,8,8,8
515,IskCrETl1,0.333429,4,6,1
516,IskZtbdZe,0.58227,5,19,9
517,IskcQgtPZ,0.00241,3,17,2
518,IskrTroim,0.5826326666666667,8,32,47
519,IslMZC1CW,0.00468,1,2,0
520,IslOI1y6C,0.094767,3,9,1
521,IslU0yO5R,0.2654644375,13,13,31
522,IsmyPaeMc,0.0019975,2,4,0
523,Isn1kgkSe,0.7739735714285716,19,23,23
524,Isn4Ogwkj,0.003339,1,3,0
525,Isnb7srET,0.017791,2,10,4
526,Isnk4qZAc,0.001192,2,6,0
527,IsnplffkM,0.32743425,5,10,2
528,IsnyhgjBQ,0.1667920833333333,14,14,5
529,Iso6Aul8S,0.0080535,6,5,7
530,Iso8ggAxT,0.002476,4,5,2
531,IsoaODl2p,0.968674,3,79,38
532,Isocnd3T2,0.0985476,8,26,15
533,Isofy49UO,8.5e-05,1,5,2
534,Isok8Cthw,0.000416,2,6,1
535,IstZJBRDs,0.415704,5,3,1
536,IsuFgz0fF,0.24449275,2,19,37
537,IsuXhwzsH,0.1881166363636363,15,25,125
538,IsuYB36AD,0.0095599999999999,2,5,3
539,Isv20le7N,0.5193081428571429,4,4,1
540,IsvQee3Hi,0.3358319999999999,20,42,21
541,Isw6Q0InU,0.933525,3,8,2
542,IswIqikzx,0.2913492857142857,8,9,14
543,IswLfwIoa,0.248827,1,3,1
544,IswNcFPRy,0.125263125,10,18,89
545,IswPgkjq4,0.000182,1,6,1
546,IswS44d4X,0.04105275,10,10,2
547,Iswd9hCBx,0.997585,1,1,0
548,IswgZ9zHd,0.594112,1,9,3
549,IswlS3l2W,2e-06,4,9,3
550,IswtrzLCA,0.999086,1,4,0
551,Isx5wxuN3,0.64611,3,7,4
552,IsxcIrvyH,0.058416,2,4,1
553,Isy9foavg,0.1891366296296296,29,197,23
554,It06A1QDl,0.3164882499999999,6,9,0
555,It08cb5MH,0.2080237777777777,5,15,2
556,It0b1F0NI,0.4063731249999999,14,19,6
557,It0cnkHcm,0.028125,4,10,1
558,It0e7s3l0,0.4718388,4,3,2
559,It0fhg9jP,0.940996,3,8,0
560,It0h19wD0,0.3382101428571428,7,14,1
561,It0i9ajHV,0.3337596666666667,8,5,6
562,It0jc8aue,0.1350843333333333,6,11,2
563,It0k3k1tH,0.167554,1,7,1
564,It0m0u9ai,0.8811776428571428,14,6,3
565,It0nFl1qA,0.6581858333333334,8,13,3
566,It0psoOwA,0.0729047647058823,39,10,12
567,It50quseW,0.3317426666666667,5,5,1
568,It58tjL9e,0.0004655,2,15,0
569,It5MYmSM6,0.1160884402730375,941,11708,2493
570,It5N58R9l,0.3347754,10,12,3
571,It5bqaASp,0.062837,3,10,12
572,It7HXAoD5,0.7970979743589744,31,196,70
573,It7TzpnAu,0.0011616666666666,4,15,4
574,It82KwooH,0.0746188333333333,8,14,8
575,It8B0AlbR,0.002189,1,6,0
576,It8HrbtAk,0.1044834,5,14,3
577,It8Qw5w9V,0.0008423333333333,10,3,1
578,It8WqeVGr,0.0053046666666666,5,6,2
579,It8YSogb8,0.11499,1,4,2
580,It8lqi1ii,0.055946,5,14,5
581,It90tlHV7,0.78484,7,14,4
582,It93hqOyb,0.021688,3,11,4
583,It9Ac7sNJ,0.0,1,4,1
584,It9Cv5KIK,0.7961481538461539,8,25,6
585,It9HEcYR7,0.486427,3,9,0
586,It9Jop8EQ,0.073074,1,12,6
587,It9Kkkgk4,0.0119409333333333,17,18,2
588,It9MprEp3,6e-06,3,7,3
589,It9Oo5WaM,0.000204,4,18,3
590,It9PxiJqd,0.003666,16,22,7
591,It9Qz5iIw,0.0795943076923076,26,42,16
592,It9bM23fC,0.4875035,6,10,0
593,It9gPbOjB,0.1719200277777778,18,35,6
594,It9k9qeEi,0.001382,2,6,1
595,It9nCxHLb,0.00329,2,9,0
596,It9pebUog,0.998473,4,6,2
597,It9riF7NI,0.677239,9,20,9
598,It9tF12zD,0.993988,2,6,2
599,ItA0PAbbq,0.7827435,7,6,5
600,ItAO435wI,0.997649,1,8,1
601,ItARqmeAY,0.002475,1,10,0
602,ItAVSD77V,0.906352,2,3,1
603,ItArHgOuv,0.995713,1,13,1
604,ItB2VClwS,0.340527,3,6,1
605,ItB6RaPfx,0.2634946666666666,8,13,5
606,ItB9w27I8,0.26276875,6,48,25
607,ItBAExLLP,0.940945,8,16,7
608,ItBD1F2ZF,0.05750575,2,12,2
609,ItBG9z51a,0.108167,13,14,18
610,ItBHVs2DI,0.453216,4,14,1
611,ItBLHe63v,0.2825475934065934,57,187,103
612,ItBXyFMeI,0.1082157613636363,94,389,45
613,ItBckCD6e,0.0243206666666666,3,3,2
614,ItBfYFAup,1.3e-05,1,6,3
615,ItBjF8riz,0.3374513333333333,4,6,3
616,ItBmuC6vh,0.00138,3,6,2
617,ItBr1nXLQ,0.620211875,18,46,14
618,ItBwgEk9B,0.3832695,5,9,4
619,ItC8Ji8bJ,0.883036,3,13,9
620,ItGdlAjzG,0.2383078260869565,19,54,26
621,ItGiwrATu,0.0058774814814814,16,35,33
622,ItGlqrp95,0.2681236,36,50,127
623,ItHyju4VO,0.5141674444444444,3,26,11
624,ItIDbwV74,0.036628,4,12,6
625,ItIJDEXp1,0.222332,9,22,10
626,ItJJB2wUU,0.0002003333333333,4,5,3
627,ItJLTslO6,0.297604,2,8,3
628,ItJNEdOcG,0.3757935714285715,35,58,59
629,ItJUpdSoi,0.002839,2,4,0
630,ItJYL0qgv,0.990518,3,8,1
631,ItK1j5hAw,0.3213495,3,10,9
632,ItK6LagBi,0.798479,3,13,4
633,ItKBS6HpY,0.054102,5,5,3
634,ItKEVd3ig,0.106386,7,3,4
635,ItKO12bd2,0.8782852,12,31,13
636,ItKSkrNTr,0.66529,7,34,31
637,ItKgHd73f,0.001243,1,6,2
638,ItKtxz88Z,0.011748,4,9,2
639,ItKvIjRgZ,0.213705,1,6,6
640,ItQUz71gt,0.6756138260869565,30,20,139
641,ItQXehMYk,0.077323,4,10,12
642,ItR8BBin8,0.032838,13,14,9
643,ItRNFhQOe,2.95e-05,3,11,3
644,ItRVYjEnb,0.1511873333333333,4,8,6
645,ItS8dqWup,0.0,1,9,2
646,ItSKPc4do,0.0,1,8,1
647,ItSW9AGZx,4.263636363636364e-05,8,26,5
648,ItTa0AtDo,0.877224,2,20,3
649,ItU3pnhyb,0.0440309999999999,2,8,1
650,ItU7WmVUw,0.996646,2,8,5
651,ItUBU8ics,0.001606,3,5,5
652,ItUFTb24d,0.000144,5,18,6
653,ItUG1aEyq,0.4150340588235293,132,323,66
654,ItUO2uvwY,0.000127,1,23,12
655,ItUQJp2ak,0.343963141025641,31,97,22
656,ItUcjBDKL,0.002851,2,12,5
657,ItUek4Jrc,0.000167,5,5,5
658,ItUfMbndT,0.975637,2,8,4
659,ItUhFsR8g,0.0011229999999999,3,8,4
660,ItUm8D9MB,0.886415,5,10,5
661,ItUopCEZl,0.3791185555555555,10,13,13
662,ItUqGejC1,0.175234,6,5,1
663,ItUsSrW9T,0.226966,3,6,1
664,ItYaJt8Yu,0.627671262195122,28,209,281
665,ItZv467z0,0.1588402222222222,18,46,29
666,IteFLtZgG,0.0055,4,13,3
667,IteU5aHLe,0.000777,4,4,0
668,ItemRzDh1,0.572307142857143,6,11,7
669,ItfRyChUP,0.442332,4,19,5
670,ItfaXbAvC,0.975408,3,9,0
671,ItfhqbbBA,0.005536,1,15,4
672,IthNCDmww,0.0311705,5,16,1
673,IthPIEkUl,0.5145485,4,5,2
674,IthVX97bs,0.4218821666666666,5,8,1
675,IthXIcHbP,0.119913,4,14,3
676,Iti22duKp,0.1930581666666666,5,12,1
677,ItiDewhTI,0.4639115,4,4,1
678,ItiF8rjne,0.0072761666666666,5,4,1
679,ItiKrzkfR,0.004263,3,3,2
680,ItiRJpgsu,0.002031,1,6,1
681,ItiUD3zee,0.116136,3,8,3
682,Itiap5TH6,0.529919,3,9,1
683,Iticpdg0Q,0.7065463333333334,4,3,0
684,ItieBpTtW,0.1864668,7,6,4
685,ItikN0C94,0.040915,1,4,1
686,ItimTjaA2,0.823918,2,8,6
687,ItiqnxxuQ,0.1071975,8,9,3
688,ItirmsSu3,0.5359343333333334,7,8,9
689,ItiwKCN5o,0.5677074,6,10,5
690,Itj00np3r,0.00548,3,4,1
691,Itj3szJvW,0.086509,2,7,4
692,Itj7ZknDu,0.999997,2,5,1
693,ItjcNvJqK,0.4675523333333333,8,23,3
694,ItjeBbwX8,0.037423,1,14,3
695,Itjg7tlll,0.0752295675675675,20,92,27
696,Itnfgt8YZ,0.3419294666666667,19,74,86
697,ItoYdi8Fh,0.0310919999999999,3,21,12
698,ItoedwM5e,0.163878,15,10,5
699,ItpEdvpx8,0.041324,6,16,2
700,ItpGMcDDO,0.4809209999999999,7,14,2
701,ItpSa5EMv,0.4219084999999999,3,4,1
702,ItpYEyOjE,0.809468,1,12,3
703,Itq6wFmUM,0.3917691379310344,9,49,5
704,ItqlD9VE0,0.03549,3,20,7
705,ItrBhgMKJ,0.689059,3,10,3
706,ItrDkDjpD,0.229336,1,3,2
707,ItrEFEG0h,0.99854,1,5,0
708,ItrJXoUcy,0.0035676249999999,10,16,4
709,ItrMyrOoD,0.005483,1,2,1
710,ItrnSmmtK,0.0677293333333333,5,10,40
711,Itrrwp8CP,0.1383665,8,8,3
712,Itrxz6Gs9,0.022374,2,5,3
713,Its2hgmqT,2.9e-05,4,7,5
714,Its58ekJp,2e-06,3,11,4
715,ItsEwhjxS,0.0266376,7,28,10
716,Itsgi2J5h,2e-06,3,9,2
717,ItsitlFoA,0.4997775,5,8,0
718,ItsnhsaJ3,0.436703,6,8,6
719,ItspKzxZa,0.763846,2,8,2
720,ItsrACH6M,0.002409,2,7,6
721,ItstJhB7I,0.18808,4,9,5
722,Itsv8t5K3,0.7198855000000001,10,40,12
723,ItsyrczCl,0.8026313333333334,7,28,14
724,ItxonqSxl,0.1668586,9,7,5
725,ItyrOy74S,0.999994,7,8,8
726,ItzKKyInH,0.00771,3,11,4
727,Itzy9jyBl,8.7e-05,3,9,4
728,Iu28gCsXx,0.217213375,8,19,7
729,Iu2KO0nZK,0.002546,2,14,19
730,Iu2Qw0vk3,0.98694,2,8,1
731,Iu3Ce8Pju,0.000671,2,12,0
732,Iu3ELo0cg,0.008239,3,19,5
733,Iu3IupI5S,0.293412,6,21,7
734,Iu3QcytXu,0.377559,1,13,6
735,Iu3WDb4eo,0.052048,9,27,8
736,Iu3eWELm8,0.076115,2,6,5
737,Iu3gtcMpj,0.323464,5,12,5
738,Iu3iezOaB,0.4392378181818181,9,14,5
739,Iu3ntlacj,0.5200715,6,6,1
740,Iu3urB2dh,0.845184,3,15,10
741,Iu3z1BlUg,0.191577,2,13,4
742,Iu4AnioHg,0.000123,3,11,14
743,Iu4Cv4ZYJ,0.993635,3,18,6
744,Iu4FYtEdz,0.3529435,5,29,11
745,Iu4b6fjxl,0.001893,7,36,37
746,Iu8rI1gHN,0.00576,4,12,13
747,IuALdfUmq,0.037805,4,15,8
748,IuANWgWTx,2.5e-05,2,9,1
749,IuDayrJjw,0.6867267777777778,20,61,150
750,IuDqh3oxU,0.994394,2,15,2
751,IuDrM5wwG,0.4297275,8,23,8
752,IuEOYhSF8,1.0,2,5,3
753,IuEQNbFCZ,0.028784,4,12,3
754,IuESsixnF,0.00515,2,6,1
755,IuEUInJoO,0.3403069999999999,2,10,0
756,IuEXlsbyY,0.0028632,7,19,24
757,IuF6jAPaY,0.06081575,12,19,39
758,IuFGR9tNd,0.53433,7,38,16
759,IuFJW0CDR,0.25049925,6,18,7
760,IuFLJ6KCv,0.332224,9,29,26
761,IuFNnowCC,0.016566,7,14,17
762,IuFQiurMw,0.051265,8,13,11
763,IuFRF094i,0.061455,5,15,8
764,IuFV4BBp9,0.783837,5,22,18
765,IuFXZ7DTe,0.081896375,8,25,24
766,IuFcgmJiE,0.994147,3,26,3
767,IuFjxjqf8,0.0053634999999999,6,15,8
768,IuFoqqOIF,0.00136,3,9,7
769,IuFsHgnNy,0.000867,2,10,2
770,IuFylF6kU,0.059712,5,5,2
771,IuKln49BZ,0.0049723333333333,6,14,12
772,IuLmmykyd,0.2293554285714285,13,39,19
773,IuMYg3O4j,0.0251449999999999,4,11,5
774,IuOFT4KsN,3.2e-05,4,9,1
775,IuOHGsEdv,0.1285583125,12,15,7
776,IuOLLnTEp,0.1478138333333333,7,11,8
777,IuOO02wVD,0.0053115,11,26,124
778,IuOcDjiww,0.023979,6,13,1
779,IuOew2jQO,0.500616,5,7,2
780,IuOk6DKRK,0.0513905,4,9,5
781,IuOnJfXIy,0.000274,2,21,3
782,IuOpSxi1W,0.611087,2,10,5
783,IuOs9cElt,0.900714,4,8,2
784,IuOuQrq5Z,0.4542795,4,16,2
785,IuOzLmsjR,0.012334,6,16,5
786,IuP5v5hGL,0.0288705,4,7,3
787,IuP74ySYP,0.0007009999999999,3,15,12
788,IuPcR1Eq0,0.2678424545454546,7,22,10
789,IuPgK5FbK,7.7e-05,7,27,10
790,IuPnOzPUY,0.6355108823529412,22,55,27
791,IuSUZoIpK,0.006441,2,11,6
792,IuTCW7YdP,0.2311561428571428,11,17,10
793,IuTWD6Sy2,0.177192,6,28,21
794,IuUjIsiMy,0.000551,1,7,7
795,IuVBhq42y,0.044238,3,14,2
796,IuVMjcttO,0.000113,2,11,5
797,IuVngm9Pv,0.502853,2,4,14
798,IuWSdnWFv,0.654582,5,6,2
799,IuWxBmQtN,0.9198193333333332,10,7,2
800,IuXCIcLgJ,0.027308,2,5,2
801,IuXIc18ME,0.6463548571428571,9,21,13
802,IuXOE4XBQ,0.672004,9,18,6
803,IuXacg5p8,0.7067053333333333,5,9,5
804,IuXcgswlX,3.7e-05,3,7,4
805,IuXhTuQ7y,0.001588,5,6,3
806,IuXt1pvaW,0.004485,4,6,5
807,IuXvhtAJE,0.0,4,14,6
808,IuY0W9nCz,0.5001865,9,15,6
809,IuY8TlTKG,0.003337,4,9,2
810,IuYQ79nZR,0.856039,3,17,7
811,IuYb7DH4B,0.2603663333333333,4,12,4
812,IuYfxz4Ka,0.390752,8,9,3
813,IuYhD0Qfa,0.000462,2,13,6
814,IuYkqqV57,0.731099,1,8,6
815,IuYlSgMqO,0.5268914,6,12,12
816,IuYogkVt5,0.998174,3,10,7
817,IuYqJCL5U,0.576386,3,7,3
818,IuacR4ZCh,0.001413,2,13,10
819,IuaeM9K9T,0.2816059999999999,6,23,13
820,IuaivwbCG,0.0066496666666666,3,16,15
821,IucBVqeo2,0.006009,3,17,8
822,IucFT1T9p,0.178525,2,9,3
823,IucQs5QYS,0.3800699999999999,4,9,3
824,IucTu40RP,0.012788,1,8,1
825,IucV7Ednz,0.015997,2,8,2
826,IucWLlyAc,0.845751,2,6,5
827,Iucu4sSNY,0.99458,1,8,1
828,Iud45wRKu,0.284088,4,7,5
829,Iud5TeiXu,0.99635025,4,13,4
830,Iud8t56Wf,0.0759285,2,4,4
831,IudHW6Z6i,0.1550784999999999,11,17,5
832,IudakAjlZ,4e-06,1,5,3
833,IudcI3W8E,0.885168,1,7,5
834,Iudg6sHVh,0.27569425,5,19,9
835,IudtN6s55,0.5289470000000001,10,20,17
836,Iujkjr6tC,0.1896602666666666,17,33,6
837,Iuk9Rccto,0.0793531333333333,38,125,10
838,Iukcm0NlV,0.002688,3,17,3
839,IukgDD0Mo,0.007581,12,32,115
840,Iul3DBhi5,0.0431982295081967,24,99,25
841,IulAC5HM2,4.3e-05,2,15,2
842,IulViyO4x,2.5666666666666663e-05,4,18,7
843,Ium1kksB1,0.495374,2,11,3
844,Ium3soFFI,0.003475,6,13,5
845,Ium8549vE,0.06605925,11,18,9
846,IumNzh874,0.010488375,5,13,12
847,IumQ0gRut,0.7482236250000001,14,21,1
848,IumV8eBK8,0.0092198,4,20,14
849,IumWUa73x,0.00182775,21,26,17
850,IumYisSZE,0.3930523333333334,8,32,14
851,IumZNwlON,0.5041533333333333,13,32,32
852,Iumewh8U7,0.20764192,24,47,31
853,Iumiu5beN,0.47855,2,11,4
854,Ius3YEM4D,0.8447957777777778,17,46,22
855,IusSUB1fD,0.129742,8,16,6
856,IuuR6poVl,0.986391,7,9,1
857,IuuobmdWW,0.004163,9,6,3
858,IuutOFurU,0.014116,2,12,0
859,IuvFm6kMq,0.03189,4,2,3
860,IuvHjuBUT,5e-06,2,8,3
861,IuvIUuGe3,0.455125,4,12,2
862,IuvM2lUmY,0.524731,1,7,2
863,IuvPsdJg0,0.0177865,4,6,1
864,IuvTBCGPn,0.083693,1,12,1
865,IuvbMzNEF,0.991838,2,2,2
866,Iuwdjczyz,0.006911,2,11,5
867,Iuwim5p12,0.6031400833333334,58,116,26
868,Iuwu3v1aG,0.369924,9,33,18
869,Iv2ODvGIN,0.086348,7,35,12
870,Iv2VfjTvc,0.806362,12,29,10
871,Iv4PBAnz3,0.2385815,3,11,10
872,Iv4a0wLNq,0.340009,7,41,156
873,Iv5XU6miA,0.037648,25,25,120
874,Iv6QumIlT,0.005985,2,4,57
875,Iv6Uce2lC,0.10003,1,6,3
876,Iv6WOdZtt,0.834199,2,4,6
877,Iv749dW8x,0.1936324999999999,8,20,5
878,Iv76rlpSB,0.926772,4,12,4
879,Iv7B5oXGx,0.000701,1,20,3
880,Iv7UGafSI,0.915507,1,11,4
881,Iv7e82XHW,0.1542185,4,10,6
882,Iv7ix3aGD,0.001404,4,7,2
883,Iv7koBhYZ,0.4257065,3,9,2
884,Iv7oe9lxe,0.9850984,12,18,5
885,Iv7rJlmi0,0.053269,12,9,2
886,Iv7zxmwtA,0.0004225,3,8,3
887,Iv80YtgiL,4.55e-05,3,5,5
888,Iv82Rxifm,0.021732,3,9,0
889,Iv85eCViP,0.977496,4,13,3
890,Iv8aCh76e,0.000171,6,21,7
891,Iv8iRu3g3,0.3152776666666666,3,16,6
892,Iv8mrEn4F,0.07173,14,45,16
893,IvA9MmXCt,0.021033,11,10,9
894,IvACLwMJG,0.6834118888888888,26,57,20
895,IvAfCC1g4,0.4845317737226278,391,928,148
896,IvAnLmaBz,0.003325,3,13,3
897,IvAp9kMNi,0.6847850000000001,11,21,11
898,IvAy0DNZ1,0.6569576666666666,12,17,19
899,IvFtNradn,0.3904207027027027,20,50,37
900,IvH6dsBBj,0.341013,10,25,9
901,IvHjqxHhu,0.087585,5,14,5
902,IvI8f7y97,0.000285,2,7,1
903,IvJ1ppajt,0.971891,3,8,5
904,IvJ3J3BXJ,0.000383,1,7,2
905,IvJBKfK0V,0.989106,1,6,5
906,IvJDVhOts,0.5130085,3,6,3
907,IvJFOxl4q,0.2518035,9,18,5
908,IvJIwobE6,0.104084,5,9,2
909,IvJMWC6DL,0.7944235,11,32,6
910,IvJTjqtDr,0.9972463333333332,4,16,4
911,IvJZUnnY8,0.2616418333333333,16,25,4
912,IvJbTc6pm,0.806142,2,9,0
913,IvJkEgOLC,0.725724,5,12,2
914,IvJmp3JE0,3e-06,1,7,1
915,IvJpAqnIh,0.039779,4,9,4
916,IvJvUe7yQ,0.4211655454545455,19,33,10
917,IvJyzrDbF,0.016783,3,13,5
918,IvOLWxzKx,0.0201495,2,12,2
919,IvPQQ617k,0.4919365,2,6,3
920,IvPa3uFeb,0.3201704999999999,16,32,56
921,IvSD4jdcD,0.000107,1,11,3
922,IvSFS31Pg,0.264971,6,15,1
923,IvSKz8M3y,3.5e-05,2,11,2
924,IvSOrjccv,0.640789,3,12,16
925,IvSRpqMTm,0.300558,6,6,1
926,IvSU3aB8M,0.331056,3,10,3
927,IvSWRcIEI,0.16918,9,14,5
928,IvSclcj7r,0.215194,15,39,18
929,IvSrNrYRT,0.106523,3,9,2
930,IvSytpYxD,0.3488125,3,8,4
931,IvT2kFAT8,0.000481,2,8,1
932,IvT80C5yr,0.4022523999999999,15,34,33
933,IvTa1jLsd,0.003173,1,10,6
934,IvTdYhdMN,0.175611,6,16,4
935,IvTlFuuLj,0.10845625,8,17,10
936,IvToWbzlP,0.0021754,6,17,3
937,IvYCz15Ab,0.05935225,8,19,5
938,IvZ5BpFCo,2.7e-05,5,18,10
939,IvdCU1dP9,0.0971233333333333,9,14,11
940,Iveei9cBZ,0.999999,5,12,6
941,Ivf6GyDP4,0.016486,8,10,23
942,IvfBHmGvq,0.9821236,8,24,28
943,IvfWEBbQl,0.003386,4,24,9
944,Ivg6G6Cul,0.044944,5,9,1
945,IvgJ3lZQY,0.5569186666666667,7,18,4
946,IvgP85XmC,0.008389,6,13,5
947,IvgSk6tSo,0.0206835,7,15,3
948,Ivgi89Rg1,0.005412,4,12,9
949,IvgthipCv,7.8e-05,7,11,3
950,IvhFuFTYE,0.99998,5,27,10
951,IvhpPFjsX,0.545703626984127,87,449,96
952,IvhyHlQoK,0.00160425,11,21,4
953,IvmvLfMCi,0.001758,2,17,5
954,Ivo176VST,0.001275,12,17,7
955,Ivo3suhAh,0.967339,5,12,5
956,IvpffzOeW,0.0068425,6,22,6
957,Ivq4otyIR,0.4866946666666667,2,13,1
958,IvqAS0tD8,0.0167429999999999,2,7,4
959,IvqjbnKBe,0.001833,6,18,4
960,Ivr6Q82qp,0.3147032500000001,28,80,17
961,Ivr9WwjQW,0.782252,9,64,38
962,Ivrhpe22o,0.0016885,6,20,8
963,IvwqdAJfu,0.2043787608695651,46,259,27
964,IvwvOdu2n,0.0043599333333333,16,24,8
965,IvwyAb0MB,0.997474,1,6,2
966,IvxDdapFw,0.3607689999999999,5,12,3
967,IvxJ6EBET,0.017978,5,10,5
968,IvxMhcnbQ,0.3455189999999999,8,18,8
969,IvxhH0QUp,0.0085366666666666,5,8,1
970,IvxyVephZ,0.001789,8,11,5
971,IvyXxbZnY,0.62146,23,52,15
972,Ivz76g6p8,0.0,1,7,2
973,Ivz97yAi9,0.1287278571428571,10,21,10
974,IvzADpUJJ,0.1541573333333333,22,37,13
975,IvzEdE5TQ,0.994126,10,12,3
976,IvzrTc55t,0.2028544,8,15,4
977,IvzugBBrG,0.011421,2,7,1
978,Iw1KL8yqV,0.999851,1,9,0
979,Iw23n11BA,0.998539,2,6,4
980,Iw25t29Al,0.031961,3,6,8
981,Iw26MC3EE,0.314408,13,23,22
982,Iw2AqfSy2,0.009348,1,13,2
983,Iw2It2TDF,0.004485,4,13,5
984,Iw2bvpWxe,0.005088909090909,15,18,59
985,Iw2mZ1r8g,0.002744,3,10,7
986,Iw2w2nPDu,0.119707,1,7,1
987,Iw8Z7go4N,0.4149729655172414,20,9,5
988,Iw9Pvypm3,0.0129485,4,18,8
989,Iw9hunTA1,0.0822159,11,30,23
990,Iw9vRxobo,0.0034793333333333,6,12,2
991,IwBrclveG,0.000108,4,22,1
992,IwCUO1QMl,0.6875409285714287,77,292,64
993,IwD0FcEVR,0.0007935,3,9,5
994,IwDKhC8eM,0.642669,1,9,7
995,IwDOsvcr1,0.716876,1,14,2
996,IwDmBmV9E,0.011317,1,17,4
997,IwDs1l161,0.46732175,10,17,13
998,IwDwcu951,0.4982804999999999,5,19,8
999,IwE3YDzY3,0.2670502727272727,10,28,8
1000,IwE7h65Zs,0.96111,4,26,12
1001,IwE9Uv7xl,0.117088,1,19,5
1002,IwEfSsWYI,0.013555,6,19,7
1003,IwEinkHid,0.02229,6,23,8
1004,IwEmQa2aY,0.068976,5,19,9
1005,IwIB9sozG,0.17603748,21,130,10
1006,IwLHc3VPx,0.0687196666666666,10,43,4
1007,IwLrfyOUg,0.2059736874999999,8,19,4
1008,IwN5n7bHk,0.789606,3,4,2
1009,IwNBXEmhJ,0.1033718571428571,11,28,16
1010,IwNndovuJ,0.32296375,9,15,11
1011,IwNqA3hy7,6.1e-05,6,17,7
1012,IwNtrmpHG,0.940682,13,11,3
1013,IwNwvBOPo,0.988404,3,26,5
1014,IwUECnFQi,0.003122,1,16,2
1015,IwUzvldh6,5.3e-05,5,7,7
1016,IwWCe8vg9,0.001322,2,11,6
1017,IwWIocXAK,0.3315265,5,7,8
1018,IwWKt1Y81,0.002506,6,12,2
1019,IwWMEoJmh,0.020144,11,18,5
1020,IwWSDvAHh,0.006921,2,13,2
1021,IwWY3tcBz,0.3343896666666666,11,39,20
1022,IwWtEeSlO,0.033225,1,7,2
1023,IwWw3sLpL,0.9697786,5,13,2
1024,IwWyKsIUb,0.47390175,4,6,0
1025,IwX1t3Kkh,0.002318,2,14,8
1026,IwX5yCf3q,0.0379615,7,19,6
1027,IwXaOuqK5,0.0026035,5,31,5
1028,IwaWJzMnt,0.000145,4,10,1
1029,IwbFIuuuP,0.474608,4,14,16
1030,IwbIf4bIy,0.0848918333333333,14,8,5
1031,IwbKUio6A,0.990904,1,6,1
1032,IwbTLgVAF,0.4893125,3,6,6
1033,IwbWAtxVO,0.272612,14,26,6
1034,IwbZtjyOJ,0.122019,6,20,10
1035,IwbcBhgEy,0.54164,7,25,12
1036,IwbhT1rXf,0.647615,1,3,4
1037,Iwbn5olZQ,0.090599,10,9,2
1038,IwboUgeWZ,0.000537,5,4,6
1039,Iwbs2EK3L,0.3279681666666666,14,28,5
1040,IwbwJu63h,0.4858548571428572,12,7,7
1041,Iwc1Ncb1V,0.00089,3,13,2
1042,IwhTL2avr,0.998941,2,8,3
1043,Iwi8S4t9V,0.4999305,4,9,11
1044,IwiQz5reY,0.37918525,10,26,39
1045,IwkBugUle,0.959629,3,5,5
1046,IwkFbB8yE,0.2552355,16,56,20
1047,IwkH942wk,0.003285,2,2,2
1048,IwkJcnIuu,0.000504,2,5,5
1049,IwkNlt7qC,0.210775,2,4,2
1050,IwkRt2IxS,0.009787,3,5,0
1051,IwkVaDkv1,0.997599,4,12,8
1052,IwkYauMTr,0.001652,5,5,3
1053,Iwki53Xec,0.081666,1,3,1
1054,Iwl0ZtcM7,0.200262,7,5,4
1055,Iwl4ytlEo,0.6525913333333333,3,2,1
1056,Iwl886maz,0.4706349999999998,34,82,91
1057,IwlAQakcj,4e-05,2,16,8
1058,IwlCXC3LQ,0.0566156363636363,10,55,14
1059,Iwlap3EH0,0.0070773333333333,7,10,5
1060,IwldyFlby,0.980468,4,14,8
1061,IwlggcHkl,0.0032622608695652,23,56,6
1062,IwlrS2QWX,0.0123193960396039,45,113,5
1063,Iwluq7jXC,0.990065,6,31,22
1064,Iwlzuwjk7,5.4e-05,2,17,6
1065,IwoFjtmfv,0.90822,4,27,22
1066,Iwr7wk4q5,0.238289,5,17,93
1067,IwraViJT0,0.2577480923076923,121,466,177
1068,IwriVra35,0.1263166,11,39,20
1069,IwsCA5CLF,0.543795,2,13,2
1070,Iwt3wvhUu,0.6626043333333334,6,20,11
1071,IwtZ3pMAs,0.2681096363636364,11,22,4
1072,Iwu8eftwh,0.32124825,4,9,4
1073,IwuDKA2zi,6.4e-05,5,11,5
1074,IwuLPsUfx,0.0054914,10,37,5
1075,Iwuf371Vt,0.2631447307692308,23,87,90
1076,IwuiqxnSG,0.10462125,7,16,7
1077,IwulufSOE,0.104739652173913,18,26,9
1078,IwuxxA3BW,0.0123972,9,24,10
1079,IwvldeG6z,0.214125,22,37,7
1080,Ix59miyU7,0.001927,3,9,7
1081,Ix5CUlsOS,0.016281,2,11,3
1082,Ix5IZotTR,0.1021919999999999,7,15,6
1083,Ix5LpbO4e,0.4332935,11,20,1
1084,Ix5OR6AOS,0.148929,7,17,3
1085,Ix5ZP3BG2,0.005477,5,15,3
1086,Ix5npCYD7,0.25782575,5,18,2
1087,Ix64H23za,0.016281,2,13,3
1088,Ix67VEoiq,0.016281,1,19,4
1089,Ix6c30VO5,0.9044705,4,8,0
1090,Ix6dwjxBu,0.0970322727272727,17,17,3
1091,Ix6i1fko2,0.496284,6,13,1
1092,Ix6l39UKm,0.2004725,5,10,2
1093,Ix6n9t2p2,0.0251955,4,14,3
1094,Ix6t3gMLh,0.0026366666666666,3,15,5
1095,IxHcGj1nD,0.0374471666666666,10,25,12
1096,IxHhRe13V,0.010841,3,10,3
1097,IxHohfLRF,0.9952178,4,16,17
1098,IxHs0xHNd,0.0013283333333333,2,7,7
1099,IxHyhs3GV,0.4019107272727273,16,18,16
1100,IxHzQ44HV,0.9817193333333334,4,9,8
1101,IxNjo5LMA,0.30326,5,8,17
1102,IxQOCBeHF,0.010619,2,6,2
1103,IxQVX6QEb,0.6671885,7,11,6
1104,IxQXTC0To,0.00062,2,7,5
1105,IxQkfrahh,0.8012815789473684,12,15,16
1106,IxR4ntQOT,0.009492,8,11,6
1107,IxeTV9kzB,0.298536,4,18,8
1108,IxezclEyg,0.6705377744845361,356,1368,61
1109,IxfFq27Rd,0.010924,5,11,2
1110,IxfLjeqLS,0.075495,4,13,8
1111,IxfQPnz2R,0.6535362,9,45,5
1112,IxfTTqpoL,0.3349076666666666,6,14,7
1113,IxfXln6Mb,0.1596743333333333,3,7,0
1114,Ixfb4AVhu,0.987007,4,14,0
1115,IxfseEHyp,0.000732,2,6,6
1116,Ixg1IANmo,0.783906,2,13,2
1117,Ixg6pmj8b,0.030248,3,15,5
1118,Ixgjg1Eu4,0.503897,9,24,8
1119,Ixnx3gYFR,0.0988005999999999,12,37,15
1120,IxoJTojO7,0.71750175,6,7,2
1121,IxoNRx408,0.03866,3,6,4
1122,IxoYspYTr,0.942961,5,10,7
1123,IxocT7yHK,0.1572803333333333,6,12,10
1124,IxofBhelL,0.047262,7,13,5
1125,Ixp1c2yN9,0.4933825,13,28,5
1126,Ixp7Tv5gF,0.362417,2,10,4
1127,IxpaMeDXp,0.0683054,11,18,6
1128,IxphXAKqx,0.3333726666666667,3,11,7
1129,Ixpmb6ISS,0.0136281666666666,13,15,8
1130,IxpoSlVbZ,0.6860146153846153,8,16,7
1131,IxpvEvdEZ,0.011744,5,27,4
1132,IxwYXiHpm,0.00036,3,8,2
1133,Ixxvu1u93,0.958136,3,11,10
1134,IxyE6jaqY,0.001421,1,6,3
1135,IxyG8vLUU,1.0,3,4,2
1136,IxyL7gF0r,0.1226492857142857,15,42,16
1137,IxyOljSNg,0.739553,4,16,4
1138,IxyRGbXj8,0.3165988,7,23,8
1139,IxyltxCpd,0.572812,3,12,0
1140,IxynwhNXU,0.069053,1,13,9
1141,Ixyr5DCjd,0.343457619047619,30,33,13
1142,IxytQ9JGq,0.970314,3,13,6
1143,IxyvSk3yl,0.4561555,6,12,7
1144,Iy017ingc,3e-06,1,3,2
1145,Iy041xetm,0.6678215000000001,4,9,6
1146,Iy075xt1y,0.4606455,5,6,5
1147,Iy0LDAcdg,0.00295,1,4,3
1148,Iy0PLe4t7,0.063181,4,13,7
1149,Iy0XY1SbJ,0.994868,7,14,2
1150,Iy0ZxwOoy,0.7665539999999998,4,18,5
1151,Iy0egxWoc,0.0202383333333333,7,4,30
1152,Iy0gyqP3x,0.002604,1,8,5
1153,Iy0kJwocp,0.4986655,5,22,6
1154,Iy0qOCzOV,0.504331,6,9,6
1155,Iy0tVhd7f,0.519189,1,13,4
1156,Iy5Gn3WMj,0.480966,6,24,13
1157,Iy9BC79ub,0.994533,3,6,2
1158,Iy9vtw74w,0.013067,3,17,4
1159,Iy9yLEeLf,0.084505,1,7,3
1160,IyC1tutPS,0.1998227272727272,7,18,3
1161,IyC5mlgqo,0.3901181999999999,7,19,6
1162,IyCHibU72,1.8e-05,1,8,3
1163,IyCKdkwba,0.001187,2,10,8
1164,IyCOtaW2l,0.998127,3,15,11
1165,IyCjKqYiG,0.000674,1,11,1
1166,IyCnbdcuX,0.532053,5,14,2
1167,IyCrui7yh,0.175361,3,14,6
1168,IyCyodICL,0.000168,2,18,3
1169,IyI5DgVCQ,0.001086,7,17,15
1170,IyLAdAYbk,0.000192,5,11,6
1171,IyLLcq5t4,0.2999159999999999,18,41,31
1172,IyLNgjV1U,0.2822036666666667,8,14,17
1173,IyLRYiSCS,0.008785,2,11,0
1174,IyMcS49LR,0.001131,8,34,15
1175,IyTCqhO8p,0.080893,1,10,1
1176,IyTNdhvu0,0.2164411249999999,16,31,41
1177,IyTUExcTO,0.990871,3,21,2
1178,IyUHQxT88,0.059367,6,5,2
1179,IyUNvASNN,0.001344,1,5,3
1180,IyUQvccWr,0.411334,3,4,2
1181,IyUV09amD,0.020892,5,17,5
1182,IyV9Tejoq,0.989802,2,7,3
1183,IyVvD1FeH,0.3626532999999999,65,213,54
1184,Iyab0rDI9,0.060074,6,8,7
1185,Iyafp9ZYf,0.031392,4,13,9
1186,IyaigsGae,0.000225,7,26,6
1187,IyaspgOCr,0.009671,7,11,8
1188,IyhQi78DG,0.001276,1,1,4
1189,Iyi1k9wJ3,0.3107315,15,45,15
1190,IyiIh7s3e,0.0403513333333333,11,30,5
1191,IyiY5zk6F,0.2322848333333333,5,16,2
1192,Iyj5s58ps,0.988212,2,11,3
1193,Iyk1wCxcu,0.0601445714285714,10,16,8
1194,Iyk5XrGrW,0.001182,3,15,7
1195,IyqlWk7UJ,0.3727768571428571,11,19,17
1196,Iyrwg7e88,0.501026,7,22,5
1197,IysZK60VP,0.00087,3,3,1
1198,Iyt1FaGQm,0.2460695714285714,11,12,7
1199,IytEdE1Jx,0.0346113333333333,11,22,9
1200,IytkkjRoW,0.000672,2,24,17
1201,IytukwsEk,0.1843898130841121,30,129,23
1202,IyytJiAbG,0.467776,2,25,25
1203,Iyz3Ywwfd,0.6770419999999999,4,14,22
1204,Iz08waUNE,0.373487,7,16,8
1205,Iz1Ghcn19,0.0014525,2,7,3
1206,Iz1d7mp7l,0.6462635247524753,46,182,101
1207,Iz3KccnIP,0.961624,2,16,0
1208,Iz3LQF63Q,0.1936205,5,13,2
1209,Iz3hAjskT,0.0055447142857142,9,17,8
1210,Iz4WElK6d,0.48718,2,8,2
1211,Iz4sRfjzv,0.0300316666666666,13,23,20
1212,Iz4yCcAHL,0.014466,5,20,7
1213,Iz53upiFg,0.244189,1,12,4
1214,Iz56MzTkm,0.4402594999999999,7,14,6
1215,Iz59Cpjxs,0.069415,5,11,10
1216,Iz5lk9quT,0.209883,6,15,11
1217,IzBFpEiGV,0.0195495705521472,98,716,30
1218,IzGAC3Nkr,0.015998,3,13,3
1219,IzGDZi0P2,0.2540675,10,22,27
1220,IzGM51gkc,0.025674,4,14,5
1221,IzGqqATbp,0.3902615,7,8,15
1222,IzGt2fYHz,0.036332,2,4,5
1223,IzGxJAYVu,5e-06,5,12,4
1224,IzK3t9OxK,0.0999621666666666,9,23,160
1225,IzNlMfMrU,0.5145379999999999,5,15,3
1226,IzPEcrmv4,0.443345,5,10,6
1227,IzPHvycss,0.7721649999999999,6,10,7
1228,IzPKLmdfz,0.3510533333333334,3,10,2
1229,IzPMZClJB,0.0877039999999999,24,69,19
1230,IzPSz45Fe,0.075891,5,23,4
1231,IzPZjwS6X,0.000366,2,18,3
1232,IzVC9rU5D,0.403009,3,19,138
1233,IzVtd5xmD,0.6485364827586207,17,49,20
1234,IzXOgnmK1,0.205086,4,7,3
1235,IzXXwgHwC,0.016073,5,11,3
1236,IzXj2khQH,0.3411585,3,15,4
1237,IzXmxxN08,0.980192,2,16,5
1238,IzYZukCXV,0.166665,1,2,2
1239,IzZ7DCEXc,0.09002,2,12,5
1240,IzZin5wrf,0.5546581666666667,11,30,10
1241,IzZmW9Tu9,0.004381,2,12,4
1242,IzZpUzvLL,0.0025565,4,5,6
1243,IzZsObPQr,0.1080032307692307,22,52,6
1244,IzZwW8qy7,0.5639335,4,19,10
1245,IzaStdtF7,0.008117,7,9,11
1246,IzbMqlphh,0.2571792499999999,7,9,5
1247,IzcEp5CA1,0.99973,1,12,5
1248,Ize3mjJXM,0.3205106666666666,3,8,1
1249,IzeEVoUSl,0.0961929999999999,5,9,3
1250,IzeGHkNi6,0.0111755,5,9,4
1251,IzeKOCyPX,0.37388325,7,28,5
1252,IzeMAeO8z,0.012758,2,11,5
1253,IzegXBGZZ,0.426385,2,8,2
1254,Izenlzta7,0.001275,2,12,3
1255,IzjVEgyaP,0.883099,10,12,4
1256,IzkdmAlst,0.1801087272727272,15,38,19
1257,IznIkAD9q,0.001576,2,9,3
1258,IznKDjiMp,0.000255,1,1,2
1259,IznWLAUV5,0.2117164999999999,7,22,36
1260,IznzjsDnz,0.4688029999999999,4,8,3
1261,Izo017CZX,0.014691,5,22,19
1262,Izo3styRC,0.999864,4,8,4
1263,IzobovhZQ,0.3320252,17,10,1
1264,IzoyC7D9i,0.3820098888888889,13,37,26
1265,IzvB21Scg,0.0254024166666666,17,25,13
1266,IzwIiqPai,0.005687,3,8,0
1267,IzwNPaxiP,0.732223,1,4,2
1268,IzwWd0xHp,0.001208,3,15,3
1269,Izx00u6kR,0.1400535,4,10,5
1270,Izx353Yxl,0.5870059999999999,9,14,5
1271,Izx6y9gJz,0.753074,3,17,5
