weibo_id,0
IA54opYvf,0.3555007142857143
IA6oqaq0J,0.22469177777777782
IA891dKpu,0.203917
IA8f57lsy,0.000113
IAAeAtA5R,0.005061
IABqigt4L,0.89598
IABwsBRSf,0.5216991666666667
IAGmx7z1A,0.23458912903225812
IAIXYzHsT,0.42898033333333335
IAJxlq8LX,0.032627461538461536
IAKDr9FD0,0.004091
IAKbYu6mN,0.332112
IAKfqacbb,0.010776
IAKr0uOfE,0.002418
IASJHfrqD,0.000654
IASLQfHFA,0.045357999999999996
IASSwdfAW,0.9401226666666666
IAT0SxBnM,0.017705333333333333
IATBksJsM,0.99871
IAToSjMaj,0.017362666666666665
IATs6D4eP,0.2019547142857143
IAeDskjlT,0.32380000000000003
IAgx48lov,0.008128
IAhwv2P1J,0.208493
IAiAdB19A,0.018808
IAiCQ9cxB,0.998966
IAiEC3yKR,0.98381
IAiJu3lPZ,0.000184
IAiQBv8x5,0.805724
IAiUmD7H3,0.6638216666666666
IAijLhrnB,6.1e-05
IAimy7hWG,0.6606956666666667
IAitXB6sj,0.0998113043478261
IAixbC0HC,0.988872
IAoRgku2Y,0.999706
IAq2JkhDM,0.33596716666666665
IArLy9Xg2,0.6836774285714285
IArPa8Tis,0.999013
IArzNep6D,0.46765700000000004
IAzEP8uuG,0.993715
IB2LkA5fn,0.991984
IB2UtEgKJ,0.0024355
IB31ECgdg,0.924367
IB3mKegax,0.47087700000000005
IB9WN3HOE,0.368857
IB9gr2J72,0.411131
IB9oJcfPJ,0.1716575394736842
IBAwfeCZF,0.3577916923076923
IBAzaCX9M,0.003178
IBEC35hxp,0.42581919999999995
IBEJZBAgF,0.097228375
IBENWARuA,0.01299525
IBEre1AVF,0.000403
IBEx5pcWF,0.99853
IBNXQwztS,0.035947
IBO1JCdbl,0.08085
IBO6FbuWj,0.15919248648648643
IBObpbw0D,0.24091425
IBOj4mlmR,0.50481325
IBOnwFxUj,0.520225
IBOrRhZHc,0.0442372602739726
IBXTrcqbV,0.665297962962963
IBY0mglK1,0.7365327272727273
IBYfnm1xo,0.6057233548387096
IBYkn0GH7,0.31880400000000003
IBYrsmDd6,0.058379
IBYuga46G,0.550517
IBYyn9fCp,0.819925
IBcUw0Apf,0.005347
IBcXytoYd,0.9402073333333334
IBcZYirXT,0.37578283333333334
IBd1M0lrd,0.943682
IBd5Krp7U,0.08205520000000001
IBdb1ihQ0,0.52016875
IBdg60NID,0.967698
IBdiMBKBo,0.001678
IBdlee1W1,0.009361999999999999
IBdvC4jBp,0.002441
IBhYU8TTk,0.28471844444444444
IBj7VgURk,0.800624
IBjT32SYN,0.0050501999999999995
IBjWD1vT9,0.975573
IBjcCBc6G,0.4911115
IBk4Pyb9A,0.6176367500000001
IBkPjsRYL,0.4209778571428572
IBkahzSrK,0.1479
IBkhah0HE,0.644957
IBl5H40RQ,0.14933749999999998
IBl9BkBFI,0.48439
IBlcX7nhM,0.007854
IBsReFS0l,0.000564
IBsfSlA8l,2.5e-05
IBtDasOr0,0.005090333333333333
IBtgqDOeW,0.051057166666666674
IBtkF4S5e,0.00831
IBtu5yDTJ,0.5097034375
IBvZobIpS,0.01259942857142857
IC3wVjQgs,0.666225
IC6IvwXhG,0.483281
IC6Zi002g,0.2944852
IC72Vq3Pv,0.2101875
IC7aRqfuH,0.8794215
IC7ducBGw,7.8e-05
ICFXtzCys,0.008721
ICFz0t9dk,0.99574
ICGhOqw2b,0.001473
ICI8Yn9Uf,0.4498144
ICIn1tfCA,0.993627
ICOHX30SF,0.004134
ICRLZemqM,0.012601333333333332
ICRUAi5dP,0.46964
ICRZ0w7W5,0.48079
ICRrzA2nm,0.934216
ICRy18lQW,0.8607658888888889
ICS31Ajmt,0.498921
ICS6M8Nat,0.08177966666666668
ICSbplwB7,0.99981
ICSgC1ATq,0.33207190476190473
ICbCX0Guh,0.128322
ICcit1GNm,0.000645
ICdwAkEi9,0.492423
ICdwKmhBr,0.002976
ICgBUgMLC,0.4315195
ICgGDl03r,0.029646222222222223
ICgLy3qFd,0.000233
ICgNOp4Nt,0.12236
ICpIeAUDN,0.000221
ICpKpCFTP,0.997598
ICpNjhM1i,0.4169067
ICpUEDQlE,0.9891384999999999
ICpY9fVJJ,0.000282
ICq5lph08,0.485288
ICq8Qz4zI,0.1314770909090909
ICqc9nkyP,0.965064
ICqeS6mH4,0.020295999999999998
ICvocCaQS,0.9864890000000001
ICzOvpwRz,0.17812494117647062
ICzpJa6tG,0.726376
ID0UyqCH5,0.7049514
ID13V4oGg,0.838239
ID1azz5g1,0.00217
ID6Bg0SV3,0.069798
IDAB8ygQI,4.2e-05
IDAp18Mtp,0.858982
IDAw47wuF,0.000149
IDLExxDb3,0.000491
IDLQOpEXC,0.33729349999999997
IDLrq4A53,0.023096
IDLyPh7uk,0.5295805
IDQTlBVk8,0.010474
IDUFkvzRJ,0.054792
IDWQii11A,0.999029
IDWnXyupt,0.889846
IDWs9yFSN,0.000903
IDWzAfvc7,0.996245
IDhQFl88x,0.320215
IDi3oCVPU,0.010395
IDiPn2q57,0.984239
IDilnvK5h,0.48029700000000003
IDj7cuuZb,0.010329999999999999
IDjjE1cwr,0.5043985
IDpAhjxFn,0.37510775
IDpuHhdJQ,0.004693
IDqW0gjvN,0.2545165
IDr7Igu9R,0.048347
IDru5ATYK,0.30856052777777776
IDsD8vVC0,0.789911
IDsHCwwve,0.998546
IDsK7mQ0s,0.002473
IE4NFjqtA,0.8126523333333333
IE4ZnjZNh,0.022886666666666666
IEa4vhD8T,0.35406899999999997
IEbk1rUqP,0.0091185
IEcBJdb8l,0.4137345
IEcNE0IWJ,5e-06
InBzJEk2u,0.039693
InEO9DUfB,0.004305
InGl8uWXy,0.999726
InL15Dsvb,0.602135
InNP2yuSN,0.970555
InNuYeTAQ,0.20699679999999998
InOR80mza,0.004675
InOcTb44F,0.001289
Io7lPnABP,0.9779633333333333
IoQO9EcH0,0.4156196486486487
IodZ6iC3o,0.7069293333333334
IoftC4GoY,0.1315981721763085
IogksuNgG,0.00369
IohCIBm8I,0.997713
Iohmovnyx,2e-06
IomhwfXvf,0.32461617142857147
Iopmfea9a,0.26079450000000004
IopzotUvH,0.993667
Ioqq1Bhob,0.053359666666666666
IoxOLC3DK,0.000102
IoyXI19Ir,0.0411375
IoyxzvHSN,0.385371
IpEoXhEH4,0.001732
IpNB93bwp,0.010425
IphuBzBDC,0.876546
IpyR0a60t,0.797471
IpzCqAysc,0.015075
Iq2Kq21nd,0.0036441333333333335
Iq36a6kKw,0.855564
Iq5gg2AfW,0.999872
IqDU6rXwd,0.07866862995951422
IqDmx4i0b,0.2720340128095645
IqES45JIA,0.000219
IqF4N2uhy,0.5002
IqFf0ehtw,0.8965665
IqFiZh1Ou,0.86327
IqFt1iyrN,0.038343666666666665
IqGykd6mN,0.000372
IqHMd4AVM,0.0312245
IqNU8ephV,0.22875733333333337
IqNwSe3N6,0.24853000000000003
IqO78jZml,0.035068782608695656
IqRnpihTW,0.407115
IqX6mEQxB,0.5451853333333334
IqXHegiX5,0.999282
IqY7H8zd7,0.091802
IqYNrF8uK,0.119314
IqYrpD6QO,0.5172144
IqZWYEYTt,0.000305
IqdzQDkSp,0.955333
IqeaFCs41,0.001778
IqeeEDF9l,0.17614311111111108
IqesD2C75,0.053937
IqkD78IZa,0.4330206785714284
IqmxFe5lt,0.024978
Iqnw0sfRA,0.273073
Iquak5Rwi,0.531366
IqvGpEAvj,0.927283
IqvYmcKWm,0.748223
IqwGrva9a,0.000699
IqyrZ6FdQ,0.489869
Ir0UTiX8T,0.290572
Ir0tVpTpz,0.06733
Ir1G3daJM,0.02153941666666667
Ir1ihznn3,0.17999
Ir2qY3IQw,0.0098551
Ir5IXrj4y,0.07655512121212121
Ir5jvdNLI,0.006263
Ir5oy5RJZ,2.6e-06
Ir5vP41oU,0.03137579333333334
Ir6J2cSS0,0.7195072380952381
Ir6OGlLRo,0.866617
Ir6Tps9qB,0.2521125
Ir6aAofQz,0.2544049251968503
Ir6dCBgcj,0.133098
Ir6uxiTb6,0.11947344444444445
Ir7BdkHQV,0.997488
Ir7H3CbA1,0.5483065365010795
Ir7tdc4v3,0.61982575
Ir84TDuyQ,0.3656142857142857
Ir8E6t9Sq,0.2928328
Ir8W8BDGe,0.09658834397163124
Ir8giub0b,0.811411
Ir9BSf9YQ,0.14180066666666666
Ir9FPbO9V,0.25492525
Ir9live3D,0.7696553749999999
Ir9vy6ZHu,0.019874000000000003
IrACOcogu,0.996615
IrAJHd3aT,0.00107
IrANK1UsV,0.835062
IrAYig8gS,0.9368035
IrAfqsYkg,0.999077
IrB3plLFl,0.9405893333333332
IrBRE5L9v,0.021063
IrBqunQ55,0.4823065
IrBuMkxkb,0.18575
IrBywzAM1,0.283751504587156
IrC0suhh5,0.12467628571428571
IrCA97JVL,0.3783836666666667
IrCLLykFb,0.022459
IrCSSnAUt,0.024292
IrCb5ad0g,0.26912233333333335
IrCdz4j0J,0.022099999999999998
IrCh7fMNB,0.003255
IrCq0lzNh,0.24224266666666663
IrCxwifKs,0.137994
IrDciddzg,0.3355971818181818
IrDwcbClU,0.004506
IrDyquSK7,0.0003065
IrHa80KV3,0.002921
IrHem8MfK,0.029495
IrHuOttsQ,0.245045
IrJ88BV2X,0.00017
IrJQQA1fa,0.021175
IrJlU0Bgo,0.981795
IrK7Bxibd,0.01754
IrKAN9NjT,0.2276462
IrKSo870v,0.7802403333333334
IrKZ8dXPF,0.998449
IrLBGcbf0,1e-06
IrLF087rq,0.914916
IrLHBs6ob,0.889157
IrLKxvpyT,0.000162
IrLMKkBt2,0.862467
IrLS6qbPv,0.009671
IrLU5mAFy,0.0023525
IrLWt8Ud4,0.1560361875
IrM35xtBT,0.106257
IrM5ioU21,0.006687
IrMCgBuhV,0.000264
IrMHyyoE9,0.5562285
IrMd71rSh,0.014763
IrMuB9aLQ,0.889746
IrR67tkx4,0.45116850000000003
IrRf9smV3,0.991888
IrRkvhnlh,0.3505952
IrRqk3Ys7,3e-05
IrRsArSIt,8.9e-05
IrSUyq9rS,0.02323033333333333
IrSZ58xqA,0.4098582380952381
IrT23fq3k,0.009221
IrT48m7RH,0.6703298
IrTI4yRg5,0.22649098571428575
IrTPfkQsD,0.802437
IrTRb1cRn,0.07450575
IrTWLj3J4,0.363211
IrTa8pRW1,0.21413366666666667
IrTfO2QmJ,0.000335
IrTl0F2kU,1.0
IrTvLABFJ,0.551829
IrTxU27Ft,0.486217
IrU0e7wnH,0.35203850000000003
IrU58cnKG,0.57085075
IrUqcxOtU,0.11782000000000002
IrVKMx0Gq,0.355192
IrVZPqDSf,0.16698316666666665
IrVuy8N71,0.3687090476190476
IrW5Cqkq2,0.481582
IraAk0Jhk,0.47350200000000003
IraJzwcu4,0.451856
IraXp1L2N,0.9946836666666666
IratRzk8p,0.99459
IravlsHjn,0.37059125000000004
Iraxrvh1c,0.38522325
Irbgi46BL,0.996613
IreS64gmW,0.38512399999999997
Irf0m8xV9,0.27887328571428566
Irf5AC26Y,0.108432
IrfRJn9Qy,0.19806220000000002
IrfoKwhAj,0.07514754545454545
IrgAnyb96,0.6907286666666667
Irgl6bewY,0.004783111111111111
Irh3P6b3h,0.5635418
IrhNvnmFw,0.599067
IrhUD9Lr1,0.4598035
IrhbXtxXK,4.1e-05
Iri6yaYak,1e-06
Iri9A76Tw,0.242116
IriHfsjCm,0.6963999166666666
IriKTvFZA,0.7826355
IriMi8oii,0.993887
IrimuzXT7,0.1330495
IrismDL4C,2.1e-05
Irivzx7vb,0.13285200000000003
Irizv1tmq,0.665087
Irj7qBQgH,0.200146
IrjAgAjsC,0.6539042307692308
IrjpN8UbZ,0.7149099000000001
Irk6YBRrA,0.3217890467289719
IrkF4yX1D,0.541419
IrkZtfbMg,0.00182
IrkfcjLXG,0.17788533333333334
IrkiPbdj4,0.0073625
IrkqqtfQi,0.539105
IrksJd9OU,0.932900375
IrkvZlxws,0.854679
IroEqgkLp,5.1e-05
IroLaqGG1,0.6033223333333333
IroWvCVQP,0.3472429047619047
IrpAIt9f4,7.7e-05
IrpIfkTmg,0.5766372857142857
IrpMSfvMv,0.000145
IrqKmhnBw,0.654557
IrqaJ9xEV,0.410520277108434
IrqnrvO7X,0.5155488787878787
Irr08DfFM,0.006232666666666667
Irr41rHzM,0.00653
IrrDt3FQ8,0.7201053
IrrWo86WY,0.108007
IrriystkH,0.4592893684210526
Irs5t69eX,0.29043066666666667
Irsjc6Vcg,0.999936
IrskTyIMe,0.030851
IrssDsIti,0.003209
Irsu46egP,0.000658
IrszGdsKw,0.454801
IrtFtfcbs,0.009344
Iry03pAIG,0.724939
IryEtbMs3,0.503659
Irz6v0RjH,0.31817807407407406
Irz8L3YmK,0.009948
IrzTc4LTz,0.005924
IrzWf8hJ4,0.922988
IrziMdOtg,0.001932
Irzp3jEJZ,0.014729
Is0mzb10Y,0.47480669565217387
Is105oax1,0.487906
Is155D0E2,0.008557
Is1d11gn7,0.002865
Is1pz24SR,0.9660116666666667
Is1sojimp,0.991662
Is1w0xaha,0.000259
Is2ODF961,0.009839500000000001
Is2h3DpVt,0.002853
Is4GPuPAx,4.9e-05
Is4QVmtIp,4e-05
Is4XVp4xK,0.943805
Is4msgoJc,0.0016865
Is4pMgaCE,0.053695
Is51gg9Y7,0.0
Is56ABaUq,0.005723333333333334
Is5cI1qSR,0.010156
Is5iLjga6,0.064516
IsC4flTCh,0.999544
IsCCyitmT,0.06757
IsCEHfNMD,0.992227
IsCGUlqV3,0.016377
IsClCDZFI,6.7e-05
IsDRV0wVU,0.359923
IsDfq1IOX,0.004351
IsDwjcWjw,0.830109
IsEHkudf3,0.322187
IsELTyZVs,1.8e-05
IsERJgpzb,0.49647
IsExyq1CT,0.992697
IsF7yfhRU,0.1816475
IsFAT0xiq,0.999188
IsFdyArlf,0.2100713125
IsFiYAd55,4.2e-05
IsGH2x0F3,0.000773
IsGI7lk5U,0.18644899999999998
IsGKGAjbb,0.000463
IsGNNhuj5,0.670663
IsGQFu3ok,0.080847
IsGTNgxjK,0.033832
IsGXo508f,0.6177413333333334
IsGZhpDS1,0.006141300000000001
IsGpr2E7r,0.21567592307692307
IsGzQ4DZc,0.998991
IsH4MqbyI,0.07950206666666666
IsHFOD6Ua,0.044736
IsHJoBZgH,0.007671
IsHN8wptl,0.062967
IsHaBcE2v,6e-05
IsHfuniUP,0.3317345
IsHjU2d8y,0.3352713333333333
IsHmhc40Z,0.000247
IsHzr2idO,0.87414
IsLTbtDH9,0.1262904
IsMTtww4t,0.35866766666666666
IsMYm9Hxh,0.216102
IsMgLgKoH,0.573593625
IsN29jCvE,0.323001
IsNdT7huM,0.0018465
IsNiFbVGX,0.906211
IsNsykT77,0.042759
IsOJrkEbj,0.000327
IsOMmrrPo,0.024193
IsOOzgg90,0.11889100000000001
IsOVMorSq,0.999991
IsOZLoHBv,0.24151072093023263
IsPGy1H43,0.992601
IsPJIvRiC,0.036850466666666665
IsPNelctc,0.12808566666666668
IsPQV4rhL,0.729196
IsPUnwBny,0.0248335
IsPbmmATD,0.003733
IsPd4qfyx,0.1791583333333333
IsPo198IB,0.05070366666666667
IsPpNpJj4,0.43936200000000003
IsPrW3MFr,0.219424
IsPvZfYtT,0.0069885
IsQDDzBHW,0.603101
IsQHAcIMw,0.010122
IsQT0tWJT,0.07590050000000001
IsQY6E4E5,0.01008
IsQcHqqRY,0.22468085714285715
IsQpZ0yq9,0.6943192
IsQw3FEDm,0.82446
IsVCC12Jb,0.002101
IsVHFuHuJ,0.008550086956521739
IsVNWnmfR,0.000759
IsVY1CI09,0.018323
IsVcdgvu4,0.000218
IsVfnaLa3,0.023774
IsVi7n0qD,0.002077
IsVsPmTGp,0.000273
IsVwbF4Fl,0.005984000000000001
IsWEbinjh,0.010134
IsWKjy7yX,0.048267
IsWLY8Ol6,0.186599
IsWNn09M5,0.0286535
IsWOVhKmz,0.9420056000000001
IsWTWrgBG,8e-06
IsYAK3mnX,0.682413
IsYVIu7sm,0.8111094999999999
IsYsPyioU,0.001048
IsYv75QCr,0.9701858333333334
IsZ0M19wa,0.001105
IsZ8cn2V2,0.0002788333333333333
IsZJNxs0C,0.0250715
IsZMDBxNj,0.05653419999999999
IsZu7nRcx,0.40838925
IsZzBchqw,0.5364467142857142
IsbiR0jCa,0.4988547142857143
Isc0PrMOc,0.026433
IscOzeYbH,0.011452
IscS5hWNJ,0.000475
Isd2fz1M6,0.001524
Isd3NAhJN,0.061256
Isda30kyN,0.7328195
Isddx2wgS,0.08935854838709678
Isdtvc7ll,0.002597
IsdvK4ssZ,0.1677354
IsdypzNt2,0.2407879327731092
Ise3AEOpM,0.967377
IseBYn5DF,0.68317925
IsexH2ZtZ,0.5389156666666667
IsjU14xVo,0.001622
IsjXljedU,0.24995966666666666
IskCrETl1,0.33342900000000003
IskZtbdZe,0.58227
IskcQgtPZ,0.00241
IskrTroim,0.5826326666666667
IslMZC1CW,0.00468
IslOI1y6C,0.094767
IslU0yO5R,0.26546443750000004
IsmyPaeMc,0.0019975
Isn1kgkSe,0.7739735714285716
Isn4Ogwkj,0.003339
Isnb7srET,0.017791
Isnk4qZAc,0.001192
IsnplffkM,0.32743425
IsnyhgjBQ,0.1667920833333333
Iso6Aul8S,0.0080535
Iso8ggAxT,0.002476
IsoaODl2p,0.968674
Isocnd3T2,0.0985476
Isofy49UO,8.5e-05
Isok8Cthw,0.000416
IstZJBRDs,0.415704
IsuFgz0fF,0.24449275
IsuXhwzsH,0.18811663636363637
IsuYB36AD,0.009559999999999999
IsubulOWj,0.161051985645933
Isv20le7N,0.5193081428571429
IsvQee3Hi,0.33583199999999996
IsvxAzFCw,0.05710901923076923
Isw6Q0InU,0.933525
IswIqikzx,0.29134928571428576
IswLfwIoa,0.248827
IswNcFPRy,0.125263125
IswPgkjq4,0.000182
IswS44d4X,0.04105275
Iswd9hCBx,0.997585
IswgZ9zHd,0.594112
IswlS3l2W,2e-06
IswtrzLCA,0.999086
Isx5wxuN3,0.64611
IsxcIrvyH,0.058416
Isy9foavg,0.1891366296296296
It06A1QDl,0.31648824999999997
It08cb5MH,0.20802377777777775
It0b1F0NI,0.40637312499999995
It0cnkHcm,0.028125
It0e7s3l0,0.4718388
It0fhg9jP,0.940996
It0h19wD0,0.33821014285714285
It0i9ajHV,0.3337596666666667
It0jc8aue,0.13508433333333333
It0k3k1tH,0.167554
It0m0u9ai,0.8811776428571428
It0nFl1qA,0.6581858333333334
It0psoOwA,0.07290476470588236
It50quseW,0.3317426666666667
It58tjL9e,0.0004655
It5MYmSM6,0.11608844027303755
It5N58R9l,0.3347754
It5bqaASp,0.062837
It7HXAoD5,0.7970979743589744
It7TzpnAu,0.0011616666666666665
It82KwooH,0.07461883333333334
It8B0AlbR,0.002189
It8HrbtAk,0.1044834
It8Qw5w9V,0.0008423333333333333
It8WqeVGr,0.005304666666666666
It8YSogb8,0.11499
It8lqi1ii,0.055946
It90tlHV7,0.78484
It93hqOyb,0.021688
It9Ac7sNJ,0.0
It9Cv5KIK,0.7961481538461539
It9HEcYR7,0.486427
It9Jop8EQ,0.073074
It9Kkkgk4,0.011940933333333332
It9MprEp3,6e-06
It9Oo5WaM,0.000204
It9PxiJqd,0.003666
It9Qz5iIw,0.07959430769230767
It9bM23fC,0.48750350000000003
It9gPbOjB,0.1719200277777778
It9k9qeEi,0.001382
It9nCxHLb,0.00329
It9pebUog,0.998473
It9riF7NI,0.677239
It9tF12zD,0.993988
ItA0PAbbq,0.7827435
ItAO435wI,0.997649
ItARqmeAY,0.002475
ItAVSD77V,0.906352
ItArHgOuv,0.995713
ItB2VClwS,0.340527
ItB6RaPfx,0.26349466666666665
ItB9w27I8,0.26276875
ItBAExLLP,0.940945
ItBD1F2ZF,0.05750575
ItBG9z51a,0.108167
ItBHVs2DI,0.453216
ItBLHe63v,0.2825475934065934
ItBXyFMeI,0.10821576136363639
ItBckCD6e,0.024320666666666668
ItBfYFAup,1.3e-05
ItBjF8riz,0.3374513333333333
ItBmuC6vh,0.0013800000000000002
ItBr1nXLQ,0.620211875
ItBwgEk9B,0.3832695
ItC8Ji8bJ,0.883036
ItGdlAjzG,0.23830782608695653
ItGiwrATu,0.00587748148148148
ItGlqrp95,0.2681236
ItHyju4VO,0.5141674444444444
ItIDbwV74,0.036628
ItIJDEXp1,0.22233200000000003
ItJJB2wUU,0.00020033333333333331
ItJLTslO6,0.297604
ItJNEdOcG,0.3757935714285715
ItJUpdSoi,0.002839
ItJYL0qgv,0.990518
ItK1j5hAw,0.3213495
ItK6LagBi,0.798479
ItKBS6HpY,0.054102
ItKEVd3ig,0.106386
ItKO12bd2,0.8782852
ItKSkrNTr,0.66529
ItKgHd73f,0.001243
ItKtxz88Z,0.011748
ItKvIjRgZ,0.213705
ItQUz71gt,0.6756138260869565
ItQXehMYk,0.077323
ItR8BBin8,0.032838
ItRNFhQOe,2.95e-05
ItRVYjEnb,0.15118733333333334
ItS8dqWup,0.0
ItSKPc4do,0.0
ItSW9AGZx,4.263636363636364e-05
ItTa0AtDo,0.877224
ItU3pnhyb,0.044030999999999994
ItU7WmVUw,0.996646
ItUBU8ics,0.001606
ItUFTb24d,0.000144
ItUG1aEyq,0.41503405882352934
ItUO2uvwY,0.000127
ItUQJp2ak,0.343963141025641
ItUcjBDKL,0.002851
ItUek4Jrc,0.000167
ItUfMbndT,0.975637
ItUhFsR8g,0.0011229999999999999
ItUm8D9MB,0.886415
ItUopCEZl,0.37911855555555557
ItUqGejC1,0.175234
ItUsSrW9T,0.226966
ItYaJt8Yu,0.627671262195122
ItZrt1nWb,0.13126002690371297
ItZv467z0,0.15884022222222222
IteFLtZgG,0.0055
IteU5aHLe,0.000777
ItemRzDh1,0.572307142857143
ItfRyChUP,0.442332
ItfaXbAvC,0.975408
ItfhqbbBA,0.005536
IthNCDmww,0.0311705
IthPIEkUl,0.5145485
IthVX97bs,0.4218821666666666
IthXIcHbP,0.119913
Iti22duKp,0.19305816666666664
ItiDewhTI,0.46391150000000003
ItiF8rjne,0.007276166666666667
ItiKrzkfR,0.004263
ItiRJpgsu,0.002031
ItiUD3zee,0.116136
Itiap5TH6,0.529919
Iticpdg0Q,0.7065463333333334
ItieBpTtW,0.1864668
ItikN0C94,0.040915
ItimTjaA2,0.823918
ItiqnxxuQ,0.1071975
ItirmsSu3,0.5359343333333334
ItiwKCN5o,0.5677074
Itj00np3r,0.00548
Itj3szJvW,0.086509
Itj7ZknDu,0.999997
ItjcNvJqK,0.46755233333333335
ItjeBbwX8,0.037423
Itjg7tlll,0.07522956756756757
Itnfgt8YZ,0.3419294666666667
ItoYdi8Fh,0.031091999999999998
ItoedwM5e,0.163878
ItpEdvpx8,0.041324
ItpGMcDDO,0.48092099999999993
ItpSa5EMv,0.42190849999999996
ItpYEyOjE,0.809468
Itq6wFmUM,0.3917691379310344
ItqlD9VE0,0.03549
ItrBhgMKJ,0.689059
ItrDkDjpD,0.229336
ItrEFEG0h,0.99854
ItrJXoUcy,0.0035676249999999996
ItrMyrOoD,0.005483
ItrnSmmtK,0.06772933333333334
Itrrwp8CP,0.1383665
Itrxz6Gs9,0.022374
Its2hgmqT,2.9e-05
Its58ekJp,2e-06
ItsEwhjxS,0.0266376
Itsgi2J5h,2e-06
ItsitlFoA,0.4997775
ItsnhsaJ3,0.436703
ItspKzxZa,0.763846
ItsrACH6M,0.002409
ItstJhB7I,0.18808
Itsv8t5K3,0.7198855000000001
ItsyrczCl,0.8026313333333334
ItxonqSxl,0.1668586
ItyrOy74S,0.999994
ItzKKyInH,0.00771
Itzy9jyBl,8.7e-05
Iu28gCsXx,0.21721337500000001
Iu2KO0nZK,0.002546
Iu2Qw0vk3,0.98694
Iu3Ce8Pju,0.000671
Iu3ELo0cg,0.008239
Iu3IupI5S,0.293412
Iu3QcytXu,0.377559
Iu3WDb4eo,0.052048
Iu3eWELm8,0.076115
Iu3gtcMpj,0.323464
Iu3iezOaB,0.4392378181818181
Iu3ntlacj,0.5200715
Iu3urB2dh,0.845184
Iu3z1BlUg,0.191577
Iu4AnioHg,0.000123
Iu4Cv4ZYJ,0.993635
Iu4FYtEdz,0.3529435
Iu4b6fjxl,0.001893
Iu8rI1gHN,0.00576
IuALdfUmq,0.037805
IuANWgWTx,2.5e-05
IuCMegOUF,0.08419161501210655
IuDS7yiGV,0.45390763000000006
IuDayrJjw,0.6867267777777778
IuDqh3oxU,0.994394
IuDrM5wwG,0.4297275
IuEOYhSF8,1.0
IuEQNbFCZ,0.028784
IuESsixnF,0.00515
IuEUInJoO,0.34030699999999997
IuEXlsbyY,0.0028632
IuF6jAPaY,0.06081575
IuFGR9tNd,0.53433
IuFJW0CDR,0.25049925
IuFLJ6KCv,0.332224
IuFNnowCC,0.016566
IuFQiurMw,0.051265
IuFRF094i,0.061455
IuFV4BBp9,0.783837
IuFXZ7DTe,0.081896375
IuFcgmJiE,0.994147
IuFjxjqf8,0.005363499999999999
IuFoqqOIF,0.00136
IuFsHgnNy,0.000867
IuFylF6kU,0.059712
IuKln49BZ,0.004972333333333333
IuLmmykyd,0.22935542857142857
IuMYg3O4j,0.025144999999999997
IuOFT4KsN,3.2e-05
IuOHGsEdv,0.1285583125
IuOLLnTEp,0.14781383333333334
IuOO02wVD,0.0053115
IuOcDjiww,0.023979
IuOew2jQO,0.500616
IuOk6DKRK,0.0513905
IuOnJfXIy,0.000274
IuOpSxi1W,0.611087
IuOs9cElt,0.900714
IuOuQrq5Z,0.4542795
IuOzLmsjR,0.012334
IuP5v5hGL,0.0288705
IuP74ySYP,0.0007009999999999999
IuPcR1Eq0,0.2678424545454546
IuPgK5FbK,7.7e-05
IuPnOzPUY,0.6355108823529412
IuSUZoIpK,0.006441
IuTCW7YdP,0.23115614285714284
IuTWD6Sy2,0.177192
IuUjIsiMy,0.000551
IuVBhq42y,0.044238
IuVMjcttO,0.000113
IuVngm9Pv,0.502853
IuWSdnWFv,0.654582
IuWxBmQtN,0.9198193333333333
IuXCIcLgJ,0.027308
IuXIc18ME,0.6463548571428571
IuXOE4XBQ,0.672004
IuXacg5p8,0.7067053333333333
IuXcgswlX,3.7e-05
IuXhTuQ7y,0.001588
IuXt1pvaW,0.004485
IuXvhtAJE,0.0
IuY0W9nCz,0.5001865
IuY8TlTKG,0.003337
IuYQ79nZR,0.856039
IuYb7DH4B,0.2603663333333333
IuYfxz4Ka,0.390752
IuYhD0Qfa,0.000462
IuYkqqV57,0.731099
IuYlSgMqO,0.5268914
IuYogkVt5,0.998174
IuYqJCL5U,0.576386
IuacR4ZCh,0.001413
IuaeM9K9T,0.28160599999999997
IuaivwbCG,0.006649666666666666
IucBVqeo2,0.0060090000000000005
IucFT1T9p,0.178525
IucQs5QYS,0.38006999999999996
IucTu40RP,0.012788
IucV7Ednz,0.015997
IucWLlyAc,0.845751
Iucu4sSNY,0.99458
Iud45wRKu,0.284088
Iud5TeiXu,0.99635025
Iud8t56Wf,0.0759285
IudHW6Z6i,0.15507849999999998
IudakAjlZ,4e-06
IudcI3W8E,0.885168
Iudg6sHVh,0.27569425000000003
IudtN6s55,0.5289470000000001
IuhmqefaE,0.022661789237668158
Iujkjr6tC,0.18966026666666663
Iuk9Rccto,0.07935313333333333
Iukcm0NlV,0.002688
IukgDD0Mo,0.007581
Iul3DBhi5,0.04319822950819672
IulAC5HM2,4.3e-05
IulViyO4x,2.5666666666666666e-05
Ium1kksB1,0.495374
Ium3soFFI,0.003475
Ium8549vE,0.06605925
IumNzh874,0.010488375000000001
IumQ0gRut,0.7482236250000001
IumV8eBK8,0.0092198
IumWUa73x,0.00182775
IumYisSZE,0.3930523333333334
IumZNwlON,0.5041533333333333
Iumewh8U7,0.20764192
Iumiu5beN,0.47855
Ius3YEM4D,0.8447957777777778
IusSUB1fD,0.129742
IuuR6poVl,0.986391
IuuobmdWW,0.004163
IuutOFurU,0.014116
IuvFm6kMq,0.03189
IuvHjuBUT,5e-06
IuvIUuGe3,0.455125
IuvM2lUmY,0.524731
IuvPsdJg0,0.0177865
IuvTBCGPn,0.083693
IuvbMzNEF,0.991838
Iuwdjczyz,0.006911
Iuwim5p12,0.6031400833333334
Iuwu3v1aG,0.369924
Iv2ODvGIN,0.08634800000000001
Iv2VfjTvc,0.806362
Iv4PBAnz3,0.2385815
Iv4a0wLNq,0.340009
Iv5XU6miA,0.037648
Iv6QumIlT,0.005985
Iv6Uce2lC,0.10003
Iv6WOdZtt,0.834199
Iv749dW8x,0.19363249999999999
Iv76rlpSB,0.926772
Iv7B5oXGx,0.000701
Iv7UGafSI,0.915507
Iv7e82XHW,0.1542185
Iv7ix3aGD,0.001404
Iv7koBhYZ,0.42570650000000004
Iv7oe9lxe,0.9850984
Iv7rJlmi0,0.053269
Iv7zxmwtA,0.0004225
Iv80YtgiL,4.55e-05
Iv82Rxifm,0.021732
Iv85eCViP,0.977496
Iv8aCh76e,0.000171
Iv8iRu3g3,0.3152776666666666
Iv8mrEn4F,0.07173
IvA9MmXCt,0.021033
IvACLwMJG,0.6834118888888888
IvAfCC1g4,0.48453177372262785
IvAnLmaBz,0.003325
IvAp9kMNi,0.6847850000000001
IvAy0DNZ1,0.6569576666666666
IvFtNradn,0.39042070270270274
IvH6dsBBj,0.341013
IvHjqxHhu,0.087585
IvI8f7y97,0.000285
IvJ1ppajt,0.971891
IvJ3J3BXJ,0.000383
IvJBKfK0V,0.989106
IvJDVhOts,0.5130085
IvJFOxl4q,0.2518035
IvJIwobE6,0.104084
IvJMWC6DL,0.7944235
IvJTjqtDr,0.9972463333333333
IvJZUnnY8,0.2616418333333333
IvJbTc6pm,0.806142
IvJkEgOLC,0.725724
IvJmp3JE0,3e-06
IvJpAqnIh,0.039779
IvJvUe7yQ,0.42116554545454554
IvJyzrDbF,0.016783
IvOLWxzKx,0.0201495
IvPQQ617k,0.4919365
IvPa3uFeb,0.32017049999999997
IvSD4jdcD,0.000107
IvSFS31Pg,0.264971
IvSKz8M3y,3.5e-05
IvSOrjccv,0.640789
IvSRpqMTm,0.300558
IvSU3aB8M,0.331056
IvSWRcIEI,0.16918
IvSclcj7r,0.215194
IvSrNrYRT,0.106523
IvSytpYxD,0.3488125
IvT2kFAT8,0.000481
IvT80C5yr,0.40225239999999995
IvTa1jLsd,0.003173
IvTdYhdMN,0.175611
IvTlFuuLj,0.10845625
IvToWbzlP,0.0021754
IvYCz15Ab,0.05935225
IvZ5BpFCo,2.7e-05
IvdCU1dP9,0.09712333333333334
Iveei9cBZ,0.999999
Ivf6GyDP4,0.016486
IvfBHmGvq,0.9821236000000001
IvfWEBbQl,0.003386
Ivg6G6Cul,0.044944
IvgJ3lZQY,0.5569186666666667
IvgP85XmC,0.008389
IvgSk6tSo,0.0206835
Ivgi89Rg1,0.005412
IvgthipCv,7.8e-05
IvhFuFTYE,0.99998
IvhpPFjsX,0.545703626984127
IvhyHlQoK,0.00160425
IvmvLfMCi,0.001758
Ivo176VST,0.001275
Ivo3suhAh,0.967339
IvpffzOeW,0.0068425
Ivq4otyIR,0.4866946666666667
IvqAS0tD8,0.016742999999999997
IvqjbnKBe,0.001833
Ivr6Q82qp,0.3147032500000001
Ivr9WwjQW,0.782252
Ivrhpe22o,0.0016885
IvvsZbVM1,0.6051482447488586
IvwlTh9pq,0.18025681868131868
IvwqdAJfu,0.20437876086956516
IvwvOdu2n,0.004359933333333334
IvwyAb0MB,0.997474
IvxDdapFw,0.36076899999999995
IvxJ6EBET,0.017978
IvxMhcnbQ,0.34551899999999997
IvxhH0QUp,0.008536666666666666
IvxyVephZ,0.001789
IvyXxbZnY,0.62146
Ivz76g6p8,0.0
Ivz97yAi9,0.12872785714285714
IvzADpUJJ,0.15415733333333334
IvzEdE5TQ,0.994126
IvzrTc55t,0.20285440000000002
IvzugBBrG,0.011421
Iw1KL8yqV,0.999851
Iw23n11BA,0.998539
Iw25t29Al,0.031961
Iw26MC3EE,0.314408
Iw2AqfSy2,0.009348
Iw2It2TDF,0.004485
Iw2bvpWxe,0.005088909090909091
Iw2mZ1r8g,0.002744
Iw2w2nPDu,0.119707
Iw8Z7go4N,0.4149729655172414
Iw9Pvypm3,0.0129485
Iw9hunTA1,0.08221590000000001
Iw9vRxobo,0.003479333333333333
IwBbYiHZQ,0.3457470454726764
IwBkw4NMr,0.4981674179974655
IwBrclveG,0.000108
IwCUO1QMl,0.6875409285714287
IwD0FcEVR,0.0007935
IwDKhC8eM,0.642669
IwDOsvcr1,0.716876
IwDmBmV9E,0.011317
IwDs1l161,0.46732175
IwDwcu951,0.49828049999999996
IwE3YDzY3,0.2670502727272727
IwE7h65Zs,0.96111
IwE9Uv7xl,0.117088
IwEfSsWYI,0.013555
IwEinkHid,0.02229
IwEmQa2aY,0.068976
IwIB9sozG,0.17603748
IwKHzhHO5,0.12036721544796439
IwLHc3VPx,0.06871966666666667
IwLrfyOUg,0.20597368749999997
IwN5n7bHk,0.789606
IwNBXEmhJ,0.10337185714285714
IwNndovuJ,0.32296375
IwNqA3hy7,6.1e-05
IwNtrmpHG,0.940682
IwNwvBOPo,0.988404
IwUECnFQi,0.003122
IwUbhzXOT,0.24029401325673874
IwUzvldh6,5.3e-05
IwWCe8vg9,0.001322
IwWIocXAK,0.3315265
IwWKt1Y81,0.002506
IwWMEoJmh,0.020144
IwWSDvAHh,0.006921
IwWY3tcBz,0.33438966666666664
IwWtEeSlO,0.033225
IwWw3sLpL,0.9697786
IwWyKsIUb,0.47390175
IwX1t3Kkh,0.002318
IwX5yCf3q,0.0379615
IwXaOuqK5,0.0026035
IwaWJzMnt,0.000145
IwbFIuuuP,0.474608
IwbIf4bIy,0.08489183333333333
IwbKUio6A,0.990904
IwbTLgVAF,0.4893125
IwbWAtxVO,0.272612
IwbZtjyOJ,0.122019
IwbcBhgEy,0.54164
IwbhT1rXf,0.647615
Iwbn5olZQ,0.090599
IwboUgeWZ,0.000537
Iwbs2EK3L,0.32796816666666667
IwbwJu63h,0.4858548571428572
Iwc1Ncb1V,0.00089
IwhTL2avr,0.998941
Iwi8S4t9V,0.4999305
IwiQz5reY,0.37918525
IwkBugUle,0.959629
IwkFbB8yE,0.2552355
IwkH942wk,0.003285
IwkJcnIuu,0.000504
IwkNlt7qC,0.210775
IwkRt2IxS,0.009787
IwkVaDkv1,0.997599
IwkYauMTr,0.001652
Iwki53Xec,0.081666
Iwl0ZtcM7,0.200262
Iwl4ytlEo,0.6525913333333333
Iwl886maz,0.4706349999999998
IwlAQakcj,4e-05
IwlCXC3LQ,0.056615636363636375
Iwlap3EH0,0.007077333333333334
IwldyFlby,0.980468
IwlggcHkl,0.003262260869565217
IwlrS2QWX,0.01231939603960396
Iwluq7jXC,0.990065
Iwlzuwjk7,5.4e-05
IwoFjtmfv,0.90822
Iwr7wk4q5,0.238289
IwraViJT0,0.2577480923076923
IwriVra35,0.12631660000000003
IwsCA5CLF,0.543795
Iwt3wvhUu,0.6626043333333334
IwtZ3pMAs,0.2681096363636364
Iwu8eftwh,0.32124825
IwuDKA2zi,6.4e-05
IwuLPsUfx,0.0054914
Iwuf371Vt,0.2631447307692308
IwuiqxnSG,0.10462125
IwulufSOE,0.10473965217391305
IwuxxA3BW,0.0123972
IwvldeG6z,0.21412500000000004
Ix3DxchWW,0.6254620602218698
Ix59miyU7,0.001927
Ix5CUlsOS,0.016281
Ix5IZotTR,0.10219199999999999
Ix5LpbO4e,0.4332935
Ix5OR6AOS,0.148929
Ix5ZP3BG2,0.005477
Ix5npCYD7,0.25782575
Ix64H23za,0.016281
Ix67VEoiq,0.016281
Ix6c30VO5,0.9044705
Ix6dwjxBu,0.09703227272727273
Ix6i1fko2,0.496284
Ix6l39UKm,0.2004725
Ix6n9t2p2,0.025195500000000003
Ix6t3gMLh,0.002636666666666667
IxFiig9a5,0.15125588216560504
IxHcGj1nD,0.03744716666666667
IxHhRe13V,0.010841
IxHohfLRF,0.9952178
IxHs0xHNd,0.0013283333333333333
IxHyhs3GV,0.4019107272727273
IxHzQ44HV,0.9817193333333334
IxNjo5LMA,0.30326
IxOJFtd3g,0.5948150537261702
IxQOCBeHF,0.010619
IxQVX6QEb,0.6671885
IxQXTC0To,0.00062
IxQkfrahh,0.8012815789473684
IxR4ntQOT,0.009492
IxeTV9kzB,0.298536
IxezclEyg,0.6705377744845361
IxfFq27Rd,0.010924
IxfLjeqLS,0.075495
IxfQPnz2R,0.6535362
IxfTTqpoL,0.33490766666666666
IxfXln6Mb,0.15967433333333333
Ixfb4AVhu,0.987007
IxfseEHyp,0.000732
Ixg1IANmo,0.783906
Ixg6pmj8b,0.030248
Ixgjg1Eu4,0.503897
Ixnx3gYFR,0.09880059999999999
IxoJTojO7,0.71750175
IxoNRx408,0.03866
IxoYspYTr,0.942961
IxocT7yHK,0.15728033333333333
IxofBhelL,0.047262
Ixp1c2yN9,0.4933825
Ixp7Tv5gF,0.362417
IxpaMeDXp,0.0683054
IxphXAKqx,0.3333726666666667
Ixpmb6ISS,0.013628166666666669
IxpoSlVbZ,0.6860146153846153
IxpvEvdEZ,0.011744
IxvRYBiGu,0.6071677711864403
IxwYXiHpm,0.00036
Ixxvu1u93,0.958136
IxyE6jaqY,0.001421
IxyG8vLUU,1.0
IxyL7gF0r,0.12264928571428571
IxyOljSNg,0.739553
IxyRGbXj8,0.3165988
IxyltxCpd,0.572812
IxynwhNXU,0.069053
Ixyr5DCjd,0.343457619047619
IxytQ9JGq,0.970314
IxyvSk3yl,0.4561555
Iy017ingc,3e-06
Iy041xetm,0.6678215000000001
Iy075xt1y,0.4606455
Iy0LDAcdg,0.00295
Iy0PLe4t7,0.063181
Iy0XY1SbJ,0.994868
Iy0ZxwOoy,0.7665539999999998
Iy0egxWoc,0.020238333333333334
Iy0gyqP3x,0.002604
Iy0kJwocp,0.49866550000000004
Iy0qOCzOV,0.504331
Iy0tVhd7f,0.519189
Iy5Gn3WMj,0.480966
Iy9BC79ub,0.994533
Iy9vtw74w,0.013067
Iy9yLEeLf,0.084505
IyC1tutPS,0.19982272727272726
IyC5mlgqo,0.39011819999999997
IyCHibU72,1.8e-05
IyCKdkwba,0.001187
IyCOtaW2l,0.998127
IyCjKqYiG,0.000674
IyCnbdcuX,0.532053
IyCrui7yh,0.175361
IyCyodICL,0.000168
IyI5DgVCQ,0.001086
IyLAdAYbk,0.000192
IyLLcq5t4,0.29991599999999996
IyLNgjV1U,0.2822036666666667
IyLRYiSCS,0.008785
IyMcS49LR,0.001131
IyTCqhO8p,0.080893
IyTNdhvu0,0.21644112499999998
IyTUExcTO,0.990871
IyUHQxT88,0.059367
IyUNvASNN,0.001344
IyUQvccWr,0.41133400000000003
IyUV09amD,0.020892
IyV9Tejoq,0.989802
IyVvD1FeH,0.36265329999999996
Iyab0rDI9,0.06007400000000001
Iyafp9ZYf,0.031392
IyaigsGae,0.000225
IyaspgOCr,0.009671
IyhQi78DG,0.001276
Iyi1k9wJ3,0.3107315
IyiIh7s3e,0.04035133333333333
IyiY5zk6F,0.23228483333333336
Iyj5s58ps,0.988212
Iyk1wCxcu,0.06014457142857142
Iyk5XrGrW,0.001182
IyqlWk7UJ,0.37277685714285713
Iyrwg7e88,0.501026
IysZK60VP,0.00087
Iyt1FaGQm,0.24606957142857144
IytEdE1Jx,0.034611333333333334
IytkkjRoW,0.000672
IytukwsEk,0.18438981308411212
IyytJiAbG,0.467776
Iyz3Ywwfd,0.6770419999999999
IyzB4792X,0.6275159558823532
Iz08waUNE,0.37348700000000007
Iz1Ghcn19,0.0014525
Iz1YJhUvn,0.2755325045871558
Iz1d7mp7l,0.6462635247524753
Iz3KccnIP,0.961624
Iz3LQF63Q,0.1936205
Iz3hAjskT,0.005544714285714286
Iz4WElK6d,0.48718
Iz4sRfjzv,0.030031666666666665
Iz4yCcAHL,0.014466
Iz53upiFg,0.244189
Iz56MzTkm,0.44025949999999997
Iz59Cpjxs,0.069415
Iz5lk9quT,0.20988300000000001
IzBFpEiGV,0.019549570552147243
IzGAC3Nkr,0.015998
IzGDZi0P2,0.2540675
IzGM51gkc,0.025674
IzGqqATbp,0.3902615
IzGt2fYHz,0.036332
IzGxJAYVu,5e-06
IzK3t9OxK,0.09996216666666667
IzNlMfMrU,0.5145379999999999
IzPEcrmv4,0.443345
IzPHvycss,0.7721649999999999
IzPKLmdfz,0.3510533333333334
IzPMZClJB,0.08770399999999999
IzPSz45Fe,0.075891
IzPZjwS6X,0.000366
IzVC9rU5D,0.403009
IzVtd5xmD,0.6485364827586207
IzXOgnmK1,0.205086
IzXXwgHwC,0.016073
IzXj2khQH,0.3411585
IzXmxxN08,0.9801920000000001
IzYZukCXV,0.166665
IzZ7DCEXc,0.09002
IzZin5wrf,0.5546581666666667
IzZmW9Tu9,0.004381
IzZpUzvLL,0.0025565
IzZsObPQr,0.10800323076923077
IzZwW8qy7,0.5639335
IzaStdtF7,0.008117000000000001
IzbMqlphh,0.25717924999999997
IzcEp5CA1,0.99973
Ize3mjJXM,0.32051066666666667
IzeEVoUSl,0.09619299999999999
IzeGHkNi6,0.0111755
IzeKOCyPX,0.37388325
IzeMAeO8z,0.012758
IzegXBGZZ,0.426385
Izenlzta7,0.001275
IzjVEgyaP,0.883099
IzkdmAlst,0.18010872727272728
IznIkAD9q,0.001576
IznKDjiMp,0.000255
IznWLAUV5,0.21171649999999997
IznzjsDnz,0.46880299999999997
Izo017CZX,0.014691
Izo3styRC,0.999864
IzobovhZQ,0.3320252
IzoyC7D9i,0.3820098888888889
IzvB21Scg,0.025402416666666667
IzwIiqPai,0.005687
IzwNPaxiP,0.732223
IzwWd0xHp,0.001208
Izx00u6kR,0.1400535
Izx353Yxl,0.5870059999999999
Izx6y9gJz,0.753074
